,No,Kabupaten / County,New PPLN / PMI,new PPDN,total PPDN,new_local_transmission,total_local_transmission,new_other_transmission,total_other_transmission,new_cases,total_cases,date,new_treatment,total_treatment,new_recovered,total_recovered,new_deaths,total_deaths,Name_EN,Date,Name_Indo,Capital,area_km2,population_2000,population_2010,population_2015,HDI_2014_estimate,Gouvernor,Nr. of Sub-Districts,Nr of Keluruhan/Villages,new_total,total_cases_per_100k,total_deaths_per_100k,cases7,cases7_per_100k,deaths7,deaths7_per_100k,CFR,id
0,1,JEMBRANA,0,0,11,1,626,0,0,1,663, 05 Dec 2020,-7,70,7,579,1,14,jembrana,2020-12-05,Jembrana,Negara,841.80,231.806,261.638,271.423,0.686 (Medium),I Putu Artha,5.0,10/41,1,2.4426817182036893,5158.000611591501,,,,,2.1116138763197587,5
1,2,TABANAN,0,2,10,23,1466,0,0,25,1497, 05 Dec 2020,-10,434,35,1016,0,47,tabanan,2020-12-05,Tabanan,Tabanan,839.30,376.03,420.913,435.753,0.726 (High),Ni Putu Eka Wiryastuti,10.0,-/133,25,3.4354324582963285,10785.926889774712,,,,,3.139612558450234,9
2,3,BADUNG,0,0,4,18,2478,0,0,18,2509, 05 Dec 2020,-9,159,27,2299,0,51,badung,2020-12-05,Badung,Mangupura,418.52,345.863,543.332,615.148,0.779 (High),I Nyoman Giri Prasta,6.0,16/46,18,4.07869325755753,8290.687769447353,,,,,2.0326823435631725,1
3,4,DENPASAR,0,-1,22,28,3891,0,0,27,3961, 05 Dec 2020,1,166,26,3705,0,90,denpasar,2020-12-05,Kota Denpasar,Denpasar,127.78,532.44,788.589,879.098,0.816 (Very High),Ida Bagus Rai Dharmawijaya Mantra,4.0,16/27,27,4.505754762267689,10237.766437871545,,,,,2.27215349659177,8
4,5,GIANYAR,0,-1,10,16,1951,0,0,15,1990, 05 Dec 2020,-16,234,31,1681,0,75,gianyar,2020-12-05,Gianyar,Gianyar,368.00,393.155,469.777,494.729,0.742 (High),I Made Agus Mahayastra,7.0,6/64,15,4.0224041849173995,15159.81476727663,,,,,3.7688442211055273,4
5,6,BANGLI,0,0,3,0,824,0,0,0,885, 05 Dec 2020,-1,8,1,842,0,35,bangli,2020-12-05,Bangli,Bangli,490.71,193.776,215.353,222.474,0.657 (Medium),I Made Gianyar,4.0,4/68,0,3.977992934005772,15732.175445220568,,,,,3.954802259887006,2
6,7,KLUNGKUNG,0,0,0,0,928,0,0,0,947, 05 Dec 2020,0,9,0,918,0,20,klungkung,2020-12-05,Klungkung,Semarapura,315.00,155.262,170.543,175.573,0.683 (Medium),I Nyoman Suwirta,4.0,6/53,0,5.393767834462018,11391.273145643123,12.285714285714286,0.06997496360895061,0.14285714285714285,10965.092152403633,2.1119324181626187,7
7,8,KARANGASEM,0,0,0,0,1006,0,0,0,1029, 05 Dec 2020,-3,14,3,964,0,51,karangasem,2020-12-05,Karangasem,Amlapura,839.54,360.486,396.487,408.487,0.640 (Medium),I Gusti Ayu Mas Sumatri,8.0,3/75,0,2.519052013895179,12485.097444961528,12.142857142857142,0.029726422488003636,0.0,12011.820271456494,4.956268221574344,0
8,9,BULELENG,0,0,6,5,1172,0,0,5,1219, 05 Dec 2020,1,59,4,1101,0,59,buleleng,2020-12-05,Buleleng,Singaraja,"1,364.73",558.181,624.125,645.893,0.691 (Medium),Putu Agus Suradnyana,9.0,19/129,5,1.8873095079215907,9134.639948102858,9.285714285714286,0.014376551976433071,0.0,11775.922136931944,4.8400328137817885,3
9,10,KABUPATEN LAINNYA,0,0,31,0,13,0,0,0,49, 05 Dec 2020,-1,4,1,44,0,1,kabupaten lainnya,2020-12-05,,,,,,,,,,,0,,,6.714285714285714,,0.0,,2.0408163265306123,0
10,1,JEMBRANA,0,0,11,0,626,0,0,0,663,06 Dec 2020,-9,61,9,588,0,14,jembrana,2020-12-06,Jembrana,Negara,841.80,231.806,261.638,271.423,0.686 (Medium),I Putu Artha,5.0,10/41,0,2.4426817182036893,5158.000611591501,2.857142857142857,0.010526531860390818,0.0,,2.1116138763197587,5
11,2,TABANAN,0,1,11,45,1511,0,0,46,1543,06 Dec 2020,26,460,20,1036,0,47,tabanan,2020-12-06,Tabanan,Tabanan,839.30,376.03,420.913,435.753,0.726 (High),Ni Putu Eka Wiryastuti,10.0,-/133,46,3.5409968491324215,10785.926889774712,7.285714285714286,0.01671982587776627,0.0,,3.04601425793908,9
12,3,BADUNG,0,0,4,24,2502,0,0,24,2533,06 Dec 2020,9,168,15,2314,0,51,badung,2020-12-06,Badung,Mangupura,418.52,345.863,543.332,615.148,0.779 (High),I Nyoman Giri Prasta,6.0,16/46,24,4.117708258825518,8290.687769447353,10.714285714285714,0.01741741128035158,0.0,,2.013422818791946,1
13,4,DENPASAR,0,0,22,18,3909,0,0,18,3979,06 Dec 2020,1,167,17,3722,0,90,denpasar,2020-12-06,Kota Denpasar,Denpasar,127.78,532.44,788.589,879.098,0.816 (Very High),Ida Bagus Rai Dharmawijaya Mantra,4.0,16/27,18,4.5262302951434314,10237.766437871545,13.285714285714286,0.015112893313048473,0.0,,2.261874842925358,8
14,5,GIANYAR,0,0,10,8,1959,0,0,8,1998,06 Dec 2020,-4,230,12,1693,0,75,gianyar,2020-12-06,Gianyar,Gianyar,368.00,393.155,469.777,494.729,0.742 (High),I Made Agus Mahayastra,7.0,6/64,8,4.0385746540024945,15159.81476727663,14.428571428571429,0.029164596028475043,0.0,,3.7537537537537538,4
15,6,BANGLI,0,0,3,0,824,0,0,0,885,06 Dec 2020,0,8,0,842,0,35,bangli,2020-12-06,Bangli,Bangli,490.71,193.776,215.353,222.474,0.657 (Medium),I Made Gianyar,4.0,4/68,0,3.977992934005772,15732.175445220568,13.714285714285714,0.06164444256086425,0.0,,3.954802259887006,2
16,7,KLUNGKUNG,0,0,0,1,929,0,0,1,948,06 Dec 2020,-1,8,0,918,2,22,klungkung,2020-12-06,Klungkung,Semarapura,315.00,155.262,170.543,175.573,0.683 (Medium),I Nyoman Suwirta,4.0,6/53,1,5.39946347103484,12530.400460207436,13.857142857142858,0.07892524965195592,0.2857142857142857,11127.824625912823,2.320675105485232,7
17,8,KARANGASEM,0,0,0,0,1006,0,0,0,1029,06 Dec 2020,0,14,0,964,0,51,karangasem,2020-12-06,Karangasem,Amlapura,839.54,360.486,396.487,408.487,0.640 (Medium),I Gusti Ayu Mas Sumatri,8.0,3/75,0,2.519052013895179,12485.097444961528,13.857142857142858,0.03392309389807474,0.2857142857142857,12174.552744965684,4.956268221574344,0
18,9,BULELENG,0,0,6,13,1185,0,0,13,1232,06 Dec 2020,12,71,1,1102,0,59,buleleng,2020-12-06,Buleleng,Singaraja,"1,364.73",558.181,624.125,645.893,0.691 (Medium),Putu Agus Suradnyana,9.0,19/129,13,1.907436680688597,9134.639948102858,9.142857142857142,0.014155374253718715,0.2857142857142857,11938.654610441135,4.788961038961039,3
19,10,KABUPATEN LAINNYA,0,0,31,0,13,0,0,0,49,06 Dec 2020,0,4,0,44,0,1,kabupaten lainnya,2020-12-06,,,,,,,,,,,0,,,5.714285714285714,,0.2857142857142857,,2.0408163265306123,0
20,1,JEMBRANA,0,0,11,9,635,0,0,9,672,07 Dec 2020,-9,52,18,606,0,14,jembrana,2020-12-07,Jembrana,Negara,841.80,231.806,261.638,271.423,0.686 (Medium),I Putu Artha,5.0,10/41,9,2.4758402935639205,5158.000611591501,4.428571428571429,0.01631612438360577,0.2857142857142857,,2.083333333333333,5
21,2,TABANAN,0,0,11,8,1519,0,0,8,1551,07 Dec 2020,-211,249,219,1255,0,47,tabanan,2020-12-07,Tabanan,Tabanan,839.30,376.03,420.913,435.753,0.726 (High),Ni Putu Eka Wiryastuti,10.0,-/133,8,3.559355873625655,10785.926889774712,4.428571428571429,0.010163031415897146,0.2857142857142857,,3.0303030303030303,9
22,3,BADUNG,0,0,4,15,2517,0,0,15,2548,07 Dec 2020,2,170,13,2327,0,51,badung,2020-12-07,Badung,Mangupura,418.52,345.863,543.332,615.148,0.779 (High),I Nyoman Giri Prasta,6.0,16/46,15,4.1420926346180105,8290.687769447353,6.571428571428571,0.010682678918615636,0.2857142857142857,,2.001569858712716,1
23,4,DENPASAR,0,1,23,43,3952,0,0,44,4023,07 Dec 2020,16,183,27,3749,1,91,denpasar,2020-12-07,Kota Denpasar,Denpasar,127.78,532.44,788.589,879.098,0.816 (Very High),Ida Bagus Rai Dharmawijaya Mantra,4.0,16/27,44,4.576281597728581,10351.519398292341,12.714285714285714,0.014462876396358215,0.14285714285714285,,2.2619935371613225,8
24,5,GIANYAR,0,1,11,22,1981,0,0,23,2021,07 Dec 2020,5,235,17,1710,1,76,gianyar,2020-12-07,Gianyar,Gianyar,368.00,393.155,469.777,494.729,0.742 (High),I Made Agus Mahayastra,7.0,6/64,23,4.085064752622142,15361.945630840319,16.0,0.032340938170190146,0.2857142857142857,,3.76051459673429,4
25,6,BANGLI,0,0,3,1,825,0,0,1,886,07 Dec 2020,-1,7,2,844,0,35,bangli,2020-12-07,Bangli,Bangli,490.71,193.776,215.353,222.474,0.657 (Medium),I Made Gianyar,4.0,4/68,1,3.9824878412758347,15732.175445220568,14.285714285714286,0.06421296100090028,0.2857142857142857,,3.9503386004514676,2
26,7,KLUNGKUNG,0,0,0,1,930,0,0,1,949,07 Dec 2020,-3,5,4,922,0,22,klungkung,2020-12-07,Klungkung,Semarapura,315.00,155.262,170.543,175.573,0.683 (Medium),I Nyoman Suwirta,4.0,6/53,1,5.405159107607662,12530.400460207436,14.428571428571429,0.08217989912213967,0.2857142857142857,11172.950886482036,2.3182297154899896,7
27,8,KARANGASEM,0,0,0,1,1007,0,0,1,1030,07 Dec 2020,-1,13,2,966,0,51,karangasem,2020-12-07,Karangasem,Amlapura,839.54,360.486,396.487,408.487,0.640 (Medium),I Gusti Ayu Mas Sumatri,8.0,3/75,1,2.5215000722177203,12485.097444961528,13.285714285714286,0.03252420342805104,0.2857142857142857,12219.679005534897,4.951456310679612,0
28,9,BULELENG,0,0,6,0,1185,0,0,0,1232,07 Dec 2020,-11,60,11,1113,0,59,buleleng,2020-12-07,Buleleng,Singaraja,"1,364.73",558.181,624.125,645.893,0.691 (Medium),Putu Agus Suradnyana,9.0,19/129,0,1.907436680688597,9134.639948102858,12.142857142857142,0.01880010643072017,0.2857142857142857,11983.780871010347,4.788961038961039,3
29,10,KABUPATEN LAINNYA,0,0,31,0,13,0,0,0,49,07 Dec 2020,0,4,0,44,0,1,kabupaten lainnya,2020-12-07,,,,,,,,,,,0,,,10.0,,0.2857142857142857,,2.0408163265306123,0
30,1,JEMBRANA,0,0,11,2,637,0,0,2,674, 08 Dec 2020,-9,43,11,617,0,14,jembrana,2020-12-08,Jembrana,Negara,841.80,231.806,261.638,271.423,0.686 (Medium),I Putu Artha,5.0,10/41,2,2.483208865866194,5158.000611591501,4.0,0.014737144604547146,0.14285714285714285,,2.0771513353115725,5
31,2,TABANAN,0,0,11,7,1526,0,0,7,1558, 08 Dec 2020,-58,191,65,1320,0,47,tabanan,2020-12-08,Tabanan,Tabanan,839.30,376.03,420.913,435.753,0.726 (High),Ni Putu Eka Wiryastuti,10.0,-/133,7,3.5754200200572344,10785.926889774712,1.7142857142857142,0.003934076677121475,0.0,,3.0166880616174585,9
32,3,BADUNG,0,0,4,10,2527,0,0,10,2558, 08 Dec 2020,-10,160,20,2347,0,51,badung,2020-12-08,Badung,Mangupura,418.52,345.863,543.332,615.148,0.779 (High),I Nyoman Giri Prasta,6.0,16/46,10,4.158348885146339,8290.687769447353,3.0,0.004876875158498443,0.0,,1.99374511336982,1
33,4,DENPASAR,0,2,25,40,3992,0,0,42,4065, 08 Dec 2020,22,205,20,3769,0,91,denpasar,2020-12-08,Kota Denpasar,Denpasar,127.78,532.44,788.589,879.098,0.816 (Very High),Ida Bagus Rai Dharmawijaya Mantra,4.0,16/27,42,4.624057841105315,10351.519398292341,8.857142857142858,0.010075262208698983,0.0,,2.238622386223862,8
34,5,GIANYAR,0,0,11,17,1998,0,0,17,2038, 08 Dec 2020,1,236,16,1726,0,76,gianyar,2020-12-08,Gianyar,Gianyar,368.00,393.155,469.777,494.729,0.742 (High),I Made Agus Mahayastra,7.0,6/64,17,4.1194269994279695,15361.945630840319,11.142857142857142,0.02252315336852528,0.0,,3.729146221786065,4
35,6,BANGLI,0,0,3,0,825,0,0,0,886, 08 Dec 2020,0,7,0,844,0,35,bangli,2020-12-08,Bangli,Bangli,490.71,193.776,215.353,222.474,0.657 (Medium),I Made Gianyar,4.0,4/68,0,3.9824878412758347,15732.175445220568,11.142857142857142,0.050086109580702205,0.0,,3.9503386004514676,2
36,7,KLUNGKUNG,0,1,1,0,930,0,0,1,950, 08 Dec 2020,1,6,0,922,0,22,klungkung,2020-12-08,Klungkung,Semarapura,315.00,155.262,170.543,175.573,0.683 (Medium),I Nyoman Suwirta,4.0,6/53,1,5.410854744180483,12530.400460207436,11.285714285714286,0.06427932703612906,0.0,11172.950886482038,2.3157894736842106,7
37,8,KARANGASEM,0,0,0,3,1010,0,0,3,1033, 08 Dec 2020,2,15,1,967,0,51,karangasem,2020-12-08,Karangasem,Amlapura,839.54,360.486,396.487,408.487,0.640 (Medium),I Gusti Ayu Mas Sumatri,8.0,3/75,3,2.528844247185345,12485.097444961528,11.428571428571429,0.027977809400474014,0.0,12219.6790055349,4.937076476282671,0
38,9,BULELENG,0,0,6,4,1189,0,0,4,1236, 08 Dec 2020,-2,58,6,1119,0,59,buleleng,2020-12-08,Buleleng,Singaraja,"1,364.73",558.181,624.125,645.893,0.691 (Medium),Putu Agus Suradnyana,9.0,19/129,4,1.913629656924599,9134.639948102858,11.0,0.01703068464900533,0.0,11983.78087101035,4.773462783171521,3
39,10,KABUPATEN LAINNYA,0,0,31,0,13,0,0,0,49, 08 Dec 2020,-1,3,1,45,0,1,kabupaten lainnya,2020-12-08,,,,,,,,,,,0,,,9.571428571428571,,0.0,,2.0408163265306123,0
40,1,JEMBRANA,0,2,13,16,653,0,0,18,692, 09 Dec 2020,14,57,4,621,0,14,jembrana,2020-12-09,Jembrana,Negara,841.80,231.806,261.638,271.423,0.686 (Medium),I Putu Artha,5.0,10/41,18,2.5495260165866562,5158.000611591501,6.142857142857143,0.02263204349984026,0.0,,2.023121387283237,5
41,2,TABANAN,0,-2,9,33,1559,0,0,31,1589, 09 Dec 2020,2,193,26,1346,3,50,tabanan,2020-12-09,Tabanan,Tabanan,839.30,376.03,420.913,435.753,0.726 (High),Ni Putu Eka Wiryastuti,10.0,-/133,31,3.6465612399685146,11474.390308270971,8.142857142857142,0.01868686421632701,0.42857142857142855,,3.146633102580239,9
42,3,BADUNG,0,0,4,25,2552,0,0,25,2583, 09 Dec 2020,9,169,16,2363,0,51,badung,2020-12-09,Badung,Mangupura,418.52,345.863,543.332,615.148,0.779 (High),I Nyoman Giri Prasta,6.0,16/46,25,4.198989511467159,8290.687769447353,11.714285714285714,0.019043036333184393,0.42857142857142855,,1.9744483159117305,1
43,4,DENPASAR,0,-2,23,37,4029,0,0,35,4100, 09 Dec 2020,15,220,20,3789,0,91,denpasar,2020-12-09,Kota Denpasar,Denpasar,127.78,532.44,788.589,879.098,0.816 (Very High),Ida Bagus Rai Dharmawijaya Mantra,4.0,16/27,35,4.663871377252593,10351.519398292341,16.571428571428573,0.018850490584017453,0.42857142857142855,,2.219512195121951,8
44,5,GIANYAR,0,-1,10,14,2012,0,0,13,2051, 09 Dec 2020,-7,229,20,1746,0,76,gianyar,2020-12-09,Gianyar,Gianyar,368.00,393.155,469.777,494.729,0.742 (High),I Made Agus Mahayastra,7.0,6/64,13,4.145704011691249,15361.945630840319,18.0,0.03638355544146391,0.42857142857142855,,3.7055095075572893,4
45,6,BANGLI,0,0,3,3,828,0,0,3,889, 09 Dec 2020,0,7,3,847,0,35,bangli,2020-12-09,Bangli,Bangli,490.71,193.776,215.353,222.474,0.657 (Medium),I Made Gianyar,4.0,4/68,3,3.9959725630860237,15732.175445220568,17.857142857142858,0.08026620125112534,0.42857142857142855,,3.937007874015748,2
46,7,KLUNGKUNG,0,1,2,2,932,0,0,3,953, 09 Dec 2020,3,9,0,922,0,22,klungkung,2020-12-09,Klungkung,Semarapura,315.00,155.262,170.543,175.573,0.683 (Medium),I Nyoman Suwirta,4.0,6/53,3,5.427941653898948,12530.400460207436,18.285714285714285,0.10414878304587998,0.42857142857142855,11271.302803410077,2.308499475341028,7
47,8,KARANGASEM,0,0,0,0,1010,0,0,0,1033, 09 Dec 2020,0,15,0,967,0,51,karangasem,2020-12-09,Karangasem,Amlapura,839.54,360.486,396.487,408.487,0.640 (Medium),I Gusti Ayu Mas Sumatri,8.0,3/75,0,2.528844247185345,12485.097444961528,15.714285714285714,0.03846948792565177,0.42857142857142855,12318.03092246294,4.937076476282671,0
48,9,BULELENG,0,0,6,9,1198,0,0,9,1245, 09 Dec 2020,-1,57,8,1127,2,61,buleleng,2020-12-09,Buleleng,Singaraja,"1,364.73",558.181,624.125,645.893,0.691 (Medium),Putu Agus Suradnyana,9.0,19/129,9,1.9275638534556032,9444.288759902955,12.571428571428571,0.019463639598863235,0.2857142857142857,12028.016415553222,4.899598393574297,3
49,10,KABUPATEN LAINNYA,0,0,31,0,13,0,0,0,49, 09 Dec 2020,0,3,0,45,0,1,kabupaten lainnya,2020-12-09,,,,,,,,,,,0,,,9.0,,0.2857142857142857,,2.0408163265306123,0
50,1,JEMBRANA,0,0,13,2,655,0,0,2,694,10 Dec 2020,-3,54,5,626,0,14,jembrana,2020-12-10,Jembrana,Negara,841.80,231.806,261.638,271.423,0.686 (Medium),I Putu Artha,5.0,10/41,2,2.55689458888893,5158.000611591501,4.285714285714286,0.015789797790586226,0.2857142857142857,,2.0172910662824206,5
51,2,TABANAN,0,0,9,19,1578,0,0,19,1608,10 Dec 2020,-18,175,35,1381,2,52,tabanan,2020-12-10,Tabanan,Tabanan,839.30,376.03,420.913,435.753,0.726 (High),Ni Putu Eka Wiryastuti,10.0,-/133,19,3.690163923139944,11933.36592060181,5.142857142857143,0.011802230031364427,0.5714285714285714,,3.233830845771144,9
52,3,BADUNG,0,0,4,26,2578,0,0,26,2609,10 Dec 2020,12,181,14,2377,0,51,badung,2020-12-10,Badung,Mangupura,418.52,345.863,543.332,615.148,0.779 (High),I Nyoman Giri Prasta,6.0,16/46,26,4.2412557628408125,8290.687769447353,8.428571428571429,0.013701696873876576,0.5714285714285714,,1.9547719432732849,1
53,4,DENPASAR,0,2,25,27,4056,0,0,29,4129,10 Dec 2020,7,227,21,3810,1,92,denpasar,2020-12-10,Kota Denpasar,Denpasar,127.78,532.44,788.589,879.098,0.816 (Very High),Ida Bagus Rai Dharmawijaya Mantra,4.0,16/27,29,4.696859735774623,10465.272358713137,12.142857142857142,0.013812859479667958,0.7142857142857143,,2.2281424073625575,8
54,5,GIANYAR,0,0,10,22,2034,0,0,22,2073,10 Dec 2020,2,231,20,1766,0,76,gianyar,2020-12-10,Gianyar,Gianyar,368.00,393.155,469.777,494.729,0.742 (High),I Made Agus Mahayastra,7.0,6/64,22,4.190172801675261,15361.945630840319,15.285714285714286,0.030897146287592374,0.7142857142857143,,3.6661842739990353,4
55,6,BANGLI,0,0,3,1,829,0,0,1,890,10 Dec 2020,1,8,0,847,0,35,bangli,2020-12-10,Bangli,Bangli,490.71,193.776,215.353,222.474,0.657 (Medium),I Made Gianyar,4.0,4/68,1,4.000467470356087,15732.175445220568,14.142857142857142,0.06357083139089126,0.42857142857142855,,3.932584269662921,2
56,7,KLUNGKUNG,0,0,2,4,936,0,0,4,957,10 Dec 2020,4,13,0,922,0,22,klungkung,2020-12-10,Klungkung,Semarapura,315.00,155.262,170.543,175.573,0.683 (Medium),I Nyoman Suwirta,4.0,6/53,4,5.450724200190234,12530.400460207436,14.714285714285714,0.08380722385723154,0.42857142857142855,11353.121170946028,2.2988505747126435,7
57,8,KARANGASEM,0,0,0,5,1015,0,0,5,1038,10 Dec 2020,5,20,0,967,0,51,karangasem,2020-12-10,Karangasem,Amlapura,839.54,360.486,396.487,408.487,0.640 (Medium),I Gusti Ayu Mas Sumatri,8.0,3/75,5,2.541084538798052,12485.097444961528,15.142857142857142,0.03707059745562807,0.42857142857142855,12399.849289998889,4.913294797687861,0
58,9,BULELENG,0,0,6,4,1202,0,0,4,1249,10 Dec 2020,-1,56,4,1131,1,62,buleleng,2020-12-10,Buleleng,Singaraja,"1,364.73",558.181,624.125,645.893,0.691 (Medium),Putu Agus Suradnyana,9.0,19/129,4,1.9337568296916052,9599.113165803004,13.0,0.020127172767006297,0.2857142857142857,12066.384610741918,4.963971176941554,3
59,10,KABUPATEN LAINNYA,0,0,31,0,13,0,0,0,49,10 Dec 2020,0,3,0,45,0,1,kabupaten lainnya,2020-12-10,,,,,,,,,,,0,,,9.285714285714286,,0.2857142857142857,,2.0408163265306123,0
60,1,JEMBRANA,0,-1,12,4,659,0,0,3,697,11 Dec 2020,-5,49,7,633,1,15,jembrana,2020-12-11,Jembrana,Negara,841.80,231.806,261.638,271.423,0.686 (Medium),I Putu Artha,5.0,10/41,3,2.5679474473423403,5526.42922670518,5.571428571428571,0.020526737127762096,0.2857142857142857,,2.1520803443328553,5
61,2,TABANAN,0,-1,8,22,1600,0,0,21,1629,11 Dec 2020,-12,163,33,1414,0,52,tabanan,2020-12-11,Tabanan,Tabanan,839.30,376.03,420.913,435.753,0.726 (High),Ni Putu Eka Wiryastuti,10.0,-/133,21,3.7383563624346823,11933.36592060181,5.428571428571429,0.01245790947755134,0.2857142857142857,,3.192142418661756,9
62,3,BADUNG,0,1,5,28,2606,0,0,29,2638,11 Dec 2020,16,197,13,2390,0,51,badung,2020-12-11,Badung,Mangupura,418.52,345.863,543.332,615.148,0.779 (High),I Nyoman Giri Prasta,6.0,16/46,29,4.288398889372964,8290.687769447353,9.428571428571429,0.015327321926709391,0.2857142857142857,,1.9332827899924183,1
63,4,DENPASAR,0,-2,23,34,4090,0,0,32,4161,11 Dec 2020,-2,225,31,3841,3,95,denpasar,2020-12-11,Kota Denpasar,Denpasar,127.78,532.44,788.589,879.098,0.816 (Very High),Ida Bagus Rai Dharmawijaya Mantra,4.0,16/27,32,4.733260683109278,10806.53123997552,13.428571428571429,0.015275397542221037,0.7142857142857143,,2.28310502283105,8
64,5,GIANYAR,0,1,11,9,2043,0,0,10,2083,11 Dec 2020,-5,226,15,1781,0,76,gianyar,2020-12-11,Gianyar,Gianyar,368.00,393.155,469.777,494.729,0.742 (High),I Made Agus Mahayastra,7.0,6/64,10,4.210385888031629,15361.945630840319,14.142857142857142,0.028587079275435932,0.7142857142857143,,3.648583773403745,4
65,6,BANGLI,0,0,3,1,830,0,0,1,891,11 Dec 2020,0,8,1,848,0,35,bangli,2020-12-11,Bangli,Bangli,490.71,193.776,215.353,222.474,0.657 (Medium),I Made Gianyar,4.0,4/68,1,4.00496237762615,15732.175445220568,13.714285714285714,0.06164444256086425,0.5714285714285714,,3.928170594837262,2
66,7,KLUNGKUNG,0,-1,1,1,937,0,0,0,957,11 Dec 2020,-2,11,2,924,0,22,klungkung,2020-12-11,Klungkung,Semarapura,315.00,155.262,170.543,175.573,0.683 (Medium),I Nyoman Suwirta,4.0,6/53,0,5.450724200190234,12530.400460207436,13.714285714285714,0.07811158728440998,0.5714285714285714,11454.505098999753,2.2988505747126435,7
67,8,KARANGASEM,0,0,0,2,1017,0,0,2,1040,11 Dec 2020,-6,14,8,975,0,51,karangasem,2020-12-11,Karangasem,Amlapura,839.54,360.486,396.487,408.487,0.640 (Medium),I Gusti Ayu Mas Sumatri,8.0,3/75,2,2.545980655443135,12485.097444961528,13.571428571428571,0.03322364866306289,0.42857142857142855,12448.60055875066,4.903846153846154,0
68,9,BULELENG,0,1,7,11,1213,0,0,12,1261,11 Dec 2020,6,62,6,1137,0,62,buleleng,2020-12-11,Buleleng,Singaraja,"1,364.73",558.181,624.125,645.893,0.691 (Medium),Putu Agus Suradnyana,9.0,19/129,12,1.952335758399611,9599.113165803004,12.285714285714286,0.019021284153434525,0.42857142857142855,12115.135879493688,4.9167327517842985,3
69,10,KABUPATEN LAINNYA,0,0,31,0,13,0,0,0,49,11 Dec 2020,0,3,0,45,0,1,kabupaten lainnya,2020-12-11,,,,,,,,,,,0,,,8.142857142857142,,0.42857142857142855,,2.0408163265306123,0
70,1,JEMBRANA,0,0,12,7,666,0,0,7,704,12 Dec 2020,-6,43,13,646,0,15,jembrana,2020-12-12,Jembrana,Negara,841.80,231.806,261.638,271.423,0.686 (Medium),I Putu Artha,5.0,10/41,7,2.5937374504002975,5526.42922670518,4.571428571428571,0.01684245097662531,0.0,,2.130681818181818,5
71,2,TABANAN,0,0,8,5,1605,0,0,5,1634,12 Dec 2020,-7,156,11,1425,1,53,tabanan,2020-12-12,Tabanan,Tabanan,839.30,376.03,420.913,435.753,0.726 (High),Ni Putu Eka Wiryastuti,10.0,-/133,5,3.749830752742953,12162.85372676723,3.857142857142857,0.00885167252352332,0.14285714285714285,,3.243574051407589,9
72,3,BADUNG,0,0,5,10,2616,0,0,10,2648,12 Dec 2020,28,225,7,2397,1,52,badung,2020-12-12,Badung,Mangupura,418.52,345.863,543.332,615.148,0.779 (High),I Nyoman Giri Prasta,6.0,16/46,10,4.304655139901292,8453.250274730633,5.142857142857143,0.008360357414568758,0.2857142857142857,,1.9637462235649545,1
73,4,DENPASAR,0,1,24,19,4109,0,0,20,4181,12 Dec 2020,0,225,20,3861,0,95,denpasar,2020-12-12,Kota Denpasar,Denpasar,127.78,532.44,788.589,879.098,0.816 (Very High),Ida Bagus Rai Dharmawijaya Mantra,4.0,16/27,20,4.756011275193437,10806.53123997552,8.0,0.009100236833663596,0.2857142857142857,,2.2721836881128916,8
74,5,GIANYAR,0,0,11,8,2051,0,0,8,2091,12 Dec 2020,-23,203,31,1812,0,76,gianyar,2020-12-12,Gianyar,Gianyar,368.00,393.155,469.777,494.729,0.742 (High),I Made Agus Mahayastra,7.0,6/64,8,4.226556357116725,15361.945630840319,8.857142857142858,0.017903019344212404,0.2857142857142857,,3.634624581539933,4
75,6,BANGLI,0,0,3,10,840,0,0,10,901,12 Dec 2020,0,16,2,850,0,35,bangli,2020-12-12,Bangli,Bangli,490.71,193.776,215.353,222.474,0.657 (Medium),I Made Gianyar,4.0,4/68,10,4.04991145032678,15732.175445220568,8.571428571428571,0.03852777660054016,0.2857142857142857,,3.884572697003329,2
76,7,KLUNGKUNG,0,0,1,2,939,0,0,2,959,12 Dec 2020,2,13,0,924,0,22,klungkung,2020-12-12,Klungkung,Semarapura,315.00,155.262,170.543,175.573,0.683 (Medium),I Nyoman Suwirta,4.0,6/53,2,5.462115473335877,12530.400460207436,8.857142857142858,0.05044706678784812,0.2857142857142857,11510.512286349567,2.2940563086548487,7
77,8,KARANGASEM,0,0,0,0,1017,0,0,0,1040,12 Dec 2020,-2,12,2,977,0,51,karangasem,2020-12-12,Karangasem,Amlapura,839.54,360.486,396.487,408.487,0.640 (Medium),I Gusti Ayu Mas Sumatri,8.0,3/75,0,2.545980655443135,12485.097444961528,7.857142857142857,0.019234743962825884,0.2857142857142857,12504.607746100475,4.903846153846154,0
78,9,BULELENG,0,0,7,9,1222,0,0,9,1270,12 Dec 2020,0,62,9,1146,0,62,buleleng,2020-12-12,Buleleng,Singaraja,"1,364.73",558.181,624.125,645.893,0.691 (Medium),Putu Agus Suradnyana,9.0,19/129,9,1.9662699549306153,9599.113165803004,8.428571428571429,0.013049485640146942,0.14285714285714285,12138.359094534157,4.881889763779528,3
79,10,KABUPATEN LAINNYA,0,0,31,0,13,0,0,0,49,12 Dec 2020,0,3,0,45,0,1,kabupaten lainnya,2020-12-12,,,,,,,,,,,0,,,7.0,,0.0,,2.0408163265306123,0
80,1,JEMBRANA,0,1,13,5,671,0,0,6,710,13 Dec 2020,6,49,0,646,0,15,jembrana,2020-12-13,Jembrana,Negara,841.80,231.806,261.638,271.423,0.686 (Medium),I Putu Artha,5.0,10/41,6,2.6158431673071183,5526.42922670518,5.0,0.01842143075568393,0.0,,2.112676056338028,5
81,2,TABANAN,0,0,8,13,1618,0,0,13,1647,13 Dec 2020,-1,155,13,1438,1,54,tabanan,2020-12-13,Tabanan,Tabanan,839.30,376.03,420.913,435.753,0.726 (High),Ni Putu Eka Wiryastuti,10.0,-/133,13,3.7796641675444578,12392.341532932647,5.714285714285714,0.013113588923738251,0.14285714285714285,,3.278688524590164,9
82,3,BADUNG,0,0,5,20,2636,0,0,20,2668,13 Dec 2020,5,204,15,2412,0,52,badung,2020-12-13,Badung,Mangupura,418.52,345.863,543.332,615.148,0.779 (High),I Nyoman Giri Prasta,6.0,16/46,20,4.337167640957948,8453.250274730633,7.142857142857143,0.011611607520234388,0.14285714285714285,,1.9490254872563717,1
83,4,DENPASAR,0,2,26,2,4111,0,0,4,4185,13 Dec 2020,-11,214,15,3876,0,95,denpasar,2020-12-13,Kota Denpasar,Denpasar,127.78,532.44,788.589,879.098,0.816 (Very High),Ida Bagus Rai Dharmawijaya Mantra,4.0,16/27,4,4.760561393610269,10806.53123997552,7.428571428571429,0.00845021991697334,0.14285714285714285,,2.2700119474313025,8
84,5,GIANYAR,0,2,13,17,2068,0,0,19,2110,13 Dec 2020,3,206,16,1828,0,76,gianyar,2020-12-13,Gianyar,Gianyar,368.00,393.155,469.777,494.729,0.742 (High),I Made Agus Mahayastra,7.0,6/64,19,4.2649612211938255,15361.945630840319,10.142857142857142,0.020501844732888394,0.14285714285714285,,3.6018957345971563,4
85,6,BANGLI,0,0,3,1,841,0,0,1,902,13 Dec 2020,1,17,0,850,0,35,bangli,2020-12-13,Bangli,Bangli,490.71,193.776,215.353,222.474,0.657 (Medium),I Made Gianyar,4.0,4/68,1,4.054406357596843,15732.175445220568,9.0,0.04045416543056717,0.14285714285714285,,3.8802660753880267,2
86,7,KLUNGKUNG,0,1,2,2,941,0,0,3,962,13 Dec 2020,2,15,1,925,0,22,klungkung,2020-12-13,Klungkung,Semarapura,315.00,155.262,170.543,175.573,0.683 (Medium),I Nyoman Suwirta,4.0,6/53,3,5.479202383054342,12530.400460207436,9.428571428571429,0.05370171625803186,0.14285714285714285,11543.296258658915,2.2869022869022873,7
87,8,KARANGASEM,0,0,0,1,1018,0,0,1,1041,13 Dec 2020,0,12,1,978,0,51,karangasem,2020-12-13,Karangasem,Amlapura,839.54,360.486,396.487,408.487,0.640 (Medium),I Gusti Ayu Mas Sumatri,8.0,3/75,1,2.5484287137656767,12485.097444961528,8.714285714285714,0.021333079667861434,0.14285714285714285,12537.391718409823,4.899135446685879,0
88,9,BULELENG,0,0,7,6,1228,0,0,6,1276,13 Dec 2020,2,64,3,1149,1,63,buleleng,2020-12-13,Buleleng,Singaraja,"1,364.73",558.181,624.125,645.893,0.691 (Medium),Putu Agus Suradnyana,9.0,19/129,6,1.9755594192846182,9753.937571703053,7.714285714285714,0.011943597026575166,0.14285714285714285,12160.476866805593,4.93730407523511,3
89,10,KABUPATEN LAINNYA,0,0,31,0,13,0,0,0,49,13 Dec 2020,0,3,0,45,0,1,kabupaten lainnya,2020-12-13,,,,,,,,,,,0,,,4.857142857142857,,0.14285714285714285,,2.0408163265306123,0
90,1,JEMBRANA,0,0,13,0,671,0,0,0,710, 14 Dec 2020,-10,39,10,656,0,15,jembrana,2020-12-14,Jembrana,Negara,841.80,231.806,261.638,271.423,0.686 (Medium),I Putu Artha,5.0,10/41,0,2.6158431673071183,5526.42922670518,4.285714285714286,0.015789797790586226,0.14285714285714285,,2.112676056338028,5
91,2,TABANAN,0,0,8,6,1624,0,0,6,1653, 14 Dec 2020,-20,135,26,1464,0,54,tabanan,2020-12-14,Tabanan,Tabanan,839.30,376.03,420.913,435.753,0.726 (High),Ni Putu Eka Wiryastuti,10.0,-/133,6,3.7934334359143826,12392.341532932647,2.4285714285714284,0.005573275292588757,0.14285714285714285,,3.2667876588021776,9
92,3,BADUNG,0,0,5,27,2663,0,0,27,2695, 14 Dec 2020,11,215,16,2428,0,52,badung,2020-12-14,Badung,Mangupura,418.52,345.863,543.332,615.148,0.779 (High),I Nyoman Giri Prasta,6.0,16/46,27,4.381059517384434,8453.250274730633,6.142857142857143,0.009985982467401573,0.14285714285714285,,1.9294990723562153,1
93,4,DENPASAR,0,2,28,18,4129,0,0,20,4205, 14 Dec 2020,-17,197,37,3913,0,95,denpasar,2020-12-14,Kota Denpasar,Denpasar,127.78,532.44,788.589,879.098,0.816 (Very High),Ida Bagus Rai Dharmawijaya Mantra,4.0,16/27,20,4.783311985694428,10806.53123997552,8.571428571428571,0.009750253750353852,0.14285714285714285,,2.2592152199762188,8
94,5,GIANYAR,0,0,13,17,2085,0,0,17,2127, 14 Dec 2020,16,222,1,1829,0,76,gianyar,2020-12-14,Gianyar,Gianyar,368.00,393.155,469.777,494.729,0.742 (High),I Made Agus Mahayastra,7.0,6/64,17,4.299323467999653,15361.945630840319,10.857142857142858,0.02194563661548617,0.14285714285714285,,3.5731076633756462,4
95,6,BANGLI,0,0,3,2,843,0,0,2,904, 14 Dec 2020,0,17,2,852,0,35,bangli,2020-12-14,Bangli,Bangli,490.71,193.776,215.353,222.474,0.657 (Medium),I Made Gianyar,4.0,4/68,2,4.063396172136969,15732.175445220568,10.285714285714286,0.0462333319206482,0.0,,3.8716814159292032,2
96,7,KLUNGKUNG,0,0,2,3,944,0,0,3,965, 14 Dec 2020,1,16,2,927,0,22,klungkung,2020-12-14,Klungkung,Semarapura,315.00,155.262,170.543,175.573,0.683 (Medium),I Nyoman Suwirta,4.0,6/53,3,5.496289292772807,12530.400460207436,10.714285714285714,0.0610246775659453,0.0,11543.296258658916,2.2797927461139897,7
97,8,KARANGASEM,0,0,0,2,1020,0,0,2,1043, 14 Dec 2020,1,13,1,979,0,51,karangasem,2020-12-14,Karangasem,Amlapura,839.54,360.486,396.487,408.487,0.640 (Medium),I Gusti Ayu Mas Sumatri,8.0,3/75,2,2.5533248304107596,12485.097444961528,11.0,0.026928641547956236,0.0,12537.391718409825,4.88974113135187,0
98,9,BULELENG,0,0,7,0,1228,0,0,0,1276, 14 Dec 2020,-7,57,7,1156,0,63,buleleng,2020-12-14,Buleleng,Singaraja,"1,364.73",558.181,624.125,645.893,0.691 (Medium),Putu Agus Suradnyana,9.0,19/129,0,1.9755594192846182,9753.937571703053,10.142857142857142,0.0157036183127192,0.0,12160.476866805595,4.93730407523511,3
99,10,KABUPATEN LAINNYA,0,0,31,0,13,0,0,0,49, 14 Dec 2020,0,3,0,45,0,1,kabupaten lainnya,2020-12-14,,,,,,,,,,,0,,,6.285714285714286,,0.0,,2.0408163265306123,0
100,1,JEMBRANA,0,0,13,0,671,0,0,0,710,15 Dec 2020,-3,36,3,659,0,15,jembrana,2020-12-15,Jembrana,Negara,841.80,231.806,261.638,271.423,0.686 (Medium),I Putu Artha,5.0,10/41,0,2.6158431673071183,5526.42922670518,3.4285714285714284,0.012631838232468981,0.0,,2.112676056338028,5
101,2,TABANAN,0,0,8,10,1634,0,0,10,1663,15 Dec 2020,-16,119,26,1490,0,54,tabanan,2020-12-15,Tabanan,Tabanan,839.30,376.03,420.913,435.753,0.726 (High),Ni Putu Eka Wiryastuti,10.0,-/133,10,3.8163822165309247,12392.341532932647,2.4285714285714284,0.005573275292588757,0.0,,3.2471437161755863,9
102,3,BADUNG,0,0,5,21,2684,0,0,21,2716,15 Dec 2020,2,217,18,2446,1,53,badung,2020-12-15,Badung,Mangupura,418.52,345.863,543.332,615.148,0.779 (High),I Nyoman Giri Prasta,6.0,16/46,21,4.415197643493923,8615.812780013915,5.142857142857143,0.008360357414568758,0.14285714285714285,,1.95139911634757,1
103,4,DENPASAR,0,0,28,20,4149,0,0,20,4225,15 Dec 2020,2,199,17,3930,1,96,denpasar,2020-12-15,Kota Denpasar,Denpasar,127.78,532.44,788.589,879.098,0.816 (Very High),Ida Bagus Rai Dharmawijaya Mantra,4.0,16/27,20,4.806062577778587,10920.284200396316,7.571428571428571,0.008612724146145903,0.2857142857142857,,2.272189349112426,8
104,5,GIANYAR,0,0,13,5,2090,0,0,5,2132,15 Dec 2020,3,225,1,1830,1,77,gianyar,2020-12-15,Gianyar,Gianyar,368.00,393.155,469.777,494.729,0.742 (High),I Made Agus Mahayastra,7.0,6/64,5,4.309430011177837,15564.076494404007,8.0,0.016170469085095073,0.42857142857142855,,3.6116322701688555,4
105,6,BANGLI,0,0,3,2,845,0,0,2,906,15 Dec 2020,1,18,0,852,1,36,bangli,2020-12-15,Bangli,Bangli,490.71,193.776,215.353,222.474,0.657 (Medium),I Made Gianyar,4.0,4/68,2,4.072385986677095,16181.66617222687,8.285714285714286,0.03724351738052216,0.5714285714285714,,3.9735099337748347,2
106,7,KLUNGKUNG,0,0,2,0,944,0,0,0,965,15 Dec 2020,0,16,0,927,0,22,klungkung,2020-12-15,Klungkung,Semarapura,315.00,155.262,170.543,175.573,0.683 (Medium),I Nyoman Suwirta,4.0,6/53,0,5.496289292772807,12530.400460207436,8.285714285714286,0.04719241731766437,0.5714285714285714,11675.858695269502,2.2797927461139897,7
107,8,KARANGASEM,0,0,0,0,1020,0,0,0,1043,15 Dec 2020,0,13,0,979,0,51,karangasem,2020-12-15,Karangasem,Amlapura,839.54,360.486,396.487,408.487,0.640 (Medium),I Gusti Ayu Mas Sumatri,8.0,3/75,0,2.5533248304107596,12485.097444961528,8.285714285714286,0.020283911815343662,0.5714285714285714,12669.95415502041,4.88974113135187,0
108,9,BULELENG,0,1,8,15,1243,0,0,16,1292,15 Dec 2020,8,65,7,1163,1,64,buleleng,2020-12-15,Buleleng,Singaraja,"1,364.73",558.181,624.125,645.893,0.691 (Medium),Putu Agus Suradnyana,9.0,19/129,16,2.000331324228626,9908.7619776031,9.142857142857142,0.014155374253718715,0.7142857142857143,12315.157075687617,4.953560371517028,3
109,10,KABUPATEN LAINNYA,0,0,31,0,13,0,0,0,49,15 Dec 2020,0,3,0,45,0,1,kabupaten lainnya,2020-12-15,,,,,,,,,,,0,,,6.142857142857143,,0.5714285714285714,,2.0408163265306123,0
110,1,JEMBRANA,0,0,13,0,671,0,0,0,710,16 Dec 2020,0,36,3,659,0,15,jembrana,2020-12-16,Jembrana,Negara,841.80,231.806,261.638,271.423,0.686 (Medium),I Putu Artha,5.0,10/41,0,2.6158431673071183,5526.42922670518,3.2857142857142856,0.01210551163944944,0.42857142857142855,,2.112676056338028,5
111,2,TABANAN,0,0,8,10,1634,0,0,10,1663,16 Dec 2020,-16,119,26,1490,0,54,tabanan,2020-12-16,Tabanan,Tabanan,839.30,376.03,420.913,435.753,0.726 (High),Ni Putu Eka Wiryastuti,10.0,-/133,10,3.8163822165309247,12392.341532932647,4.0,0.009179512246616776,0.2857142857142857,,3.2471437161755863,9
112,3,BADUNG,0,0,5,21,2684,0,0,21,2716,16 Dec 2020,2,217,18,2446,1,53,badung,2020-12-16,Badung,Mangupura,418.52,345.863,543.332,615.148,0.779 (High),I Nyoman Giri Prasta,6.0,16/46,21,4.415197643493923,8615.812780013915,6.714285714285714,0.010914911069020324,0.2857142857142857,,1.95139911634757,1
113,4,DENPASAR,0,0,28,20,4149,0,0,20,4225,16 Dec 2020,2,199,17,3930,1,96,denpasar,2020-12-16,Kota Denpasar,Denpasar,127.78,532.44,788.589,879.098,0.816 (Very High),Ida Bagus Rai Dharmawijaya Mantra,4.0,16/27,20,4.806062577778587,10920.284200396316,9.571428571428571,0.010887783354561803,0.42857142857142855,,2.272189349112426,8
114,5,GIANYAR,0,0,13,5,2090,0,0,5,2132,16 Dec 2020,3,225,1,1830,1,77,gianyar,2020-12-16,Gianyar,Gianyar,368.00,393.155,469.777,494.729,0.742 (High),I Made Agus Mahayastra,7.0,6/64,5,4.309430011177837,15564.076494404007,10.285714285714286,0.020790603109407953,0.5714285714285714,,3.6116322701688555,4
115,6,BANGLI,0,0,3,2,845,0,0,2,906,16 Dec 2020,1,18,0,852,1,36,bangli,2020-12-16,Bangli,Bangli,490.71,193.776,215.353,222.474,0.657 (Medium),I Made Gianyar,4.0,4/68,2,4.072385986677095,16181.66617222687,8.285714285714286,0.03724351738052216,0.5714285714285714,,3.9735099337748347,2
116,7,KLUNGKUNG,0,0,2,0,944,0,0,0,965,16 Dec 2020,0,16,0,927,0,22,klungkung,2020-12-16,Klungkung,Semarapura,315.00,155.262,170.543,175.573,0.683 (Medium),I Nyoman Suwirta,4.0,6/53,0,5.496289292772807,12530.400460207436,8.285714285714286,0.04719241731766437,0.5714285714285714,11675.858695269502,2.2797927461139897,7
117,8,KARANGASEM,0,0,0,0,1020,0,0,0,1043,16 Dec 2020,0,13,0,979,0,51,karangasem,2020-12-16,Karangasem,Amlapura,839.54,360.486,396.487,408.487,0.640 (Medium),I Gusti Ayu Mas Sumatri,8.0,3/75,0,2.5533248304107596,12485.097444961528,8.285714285714286,0.020283911815343662,0.5714285714285714,12669.95415502041,4.88974113135187,0
118,9,BULELENG,0,1,8,15,1243,0,0,16,1292,16 Dec 2020,8,65,7,1163,1,64,buleleng,2020-12-16,Buleleng,Singaraja,"1,364.73",558.181,624.125,645.893,0.691 (Medium),Putu Agus Suradnyana,9.0,19/129,16,2.000331324228626,9908.7619776031,9.142857142857142,0.014155374253718715,0.7142857142857143,12315.157075687617,4.953560371517028,3
119,10,KABUPATEN LAINNYA,0,0,31,0,13,0,0,0,49,16 Dec 2020,0,3,0,45,0,1,kabupaten lainnya,2020-12-16,,,,,,,,,,,0,,,6.142857142857143,,0.5714285714285714,,2.0408163265306123,0
120,1,JEMBRANA,0,1,16,9,699,0,0,10,741,17 Dec 2020,-5,52,15,674,0,15,jembrana,2020-12-17,Jembrana,Negara,841.80,231.806,261.638,271.423,0.686 (Medium),I Putu Artha,5.0,10/41,10,2.730056037992359,5526.42922670518,4.714285714285714,0.01736877756964485,0.42857142857142855,,2.0242914979757085,5
121,2,TABANAN,0,0,9,32,1700,0,0,32,1730,17 Dec 2020,4,137,27,1538,1,55,tabanan,2020-12-17,Tabanan,Tabanan,839.30,376.03,420.913,435.753,0.726 (High),Ni Putu Eka Wiryastuti,10.0,-/133,32,3.970139046661756,12621.829339098067,8.571428571428571,0.019670383385607376,0.42857142857142855,,3.1791907514450863,9
122,3,BADUNG,0,1,6,23,2746,0,0,24,2779,17 Dec 2020,7,236,17,2489,0,54,badung,2020-12-17,Badung,Mangupura,418.52,345.863,543.332,615.148,0.779 (High),I Nyoman Giri Prasta,6.0,16/46,24,4.517612021822391,8778.375285297196,11.714285714285714,0.019043036333184393,0.2857142857142857,,1.9431450161928752,1
123,4,DENPASAR,0,3,31,45,4212,0,0,48,4291,17 Dec 2020,22,182,26,4012,0,97,denpasar,2020-12-17,Kota Denpasar,Denpasar,127.78,532.44,788.589,879.098,0.816 (Very High),Ida Bagus Rai Dharmawijaya Mantra,4.0,16/27,48,4.881139531656312,11034.03716081711,18.571428571428573,0.021125549792433352,0.2857142857142857,,2.2605453274295035,8
124,5,GIANYAR,0,0,15,7,2116,0,0,7,2160,17 Dec 2020,-3,208,10,1875,0,77,gianyar,2020-12-17,Gianyar,Gianyar,368.00,393.155,469.777,494.729,0.742 (High),I Made Agus Mahayastra,7.0,6/64,7,4.36602665297567,15564.076494404007,19.571428571428573,0.03955989758317902,0.2857142857142857,,3.564814814814815,4
125,6,BANGLI,0,1,4,7,852,0,0,8,914,17 Dec 2020,4,22,3,855,1,37,bangli,2020-12-17,Bangli,Bangli,490.71,193.776,215.353,222.474,0.657 (Medium),I Made Gianyar,4.0,4/68,8,4.108345244837599,16631.15689923317,18.428571428571427,0.08283471969116134,0.2857142857142857,,4.048140043763676,2
126,7,KLUNGKUNG,0,0,2,0,945,0,0,0,966,17 Dec 2020,-1,16,1,928,0,22,klungkung,2020-12-17,Klungkung,Semarapura,315.00,155.262,170.543,175.573,0.683 (Medium),I Nyoman Suwirta,4.0,6/53,0,5.501984929345628,12530.400460207436,18.428571428571427,0.1049624454134259,0.2857142857142857,11812.329266537472,2.2774327122153206,7
127,8,KARANGASEM,0,0,0,0,1020,0,0,0,1043,17 Dec 2020,-1,11,1,981,0,51,karangasem,2020-12-17,Karangasem,Amlapura,839.54,360.486,396.487,408.487,0.640 (Medium),I Gusti Ayu Mas Sumatri,8.0,3/75,0,2.5533248304107596,12485.097444961528,17.0,0.04161699148320509,0.2857142857142857,12806.424726288378,4.88974113135187,0
128,9,BULELENG,0,1,9,2,1255,0,0,3,1305,17 Dec 2020,2,70,1,1171,0,64,buleleng,2020-12-17,Buleleng,Singaraja,"1,364.73",558.181,624.125,645.893,0.691 (Medium),Putu Agus Suradnyana,9.0,19/129,3,2.0204584969956323,9908.7619776031,12.857142857142858,0.019905995044291944,0.14285714285714285,12418.843674646241,4.904214559386974,3
129,10,KABUPATEN LAINNYA,0,0,31,0,13,0,0,0,49,17 Dec 2020,0,3,0,45,0,1,kabupaten lainnya,2020-12-17,,,,,,,,,,,0,,,9.428571428571429,,0.14285714285714285,,2.0408163265306123,0
130,1,JEMBRANA,0,0,16,15,714,0,0,15,756, 18 Dec 2020,14,66,1,675,0,15,jembrana,2020-12-18,Jembrana,Negara,841.80,231.806,261.638,271.423,0.686 (Medium),I Putu Artha,5.0,10/41,15,2.7853203302594105,5526.42922670518,4.714285714285714,0.01736877756964485,0.14285714285714285,,1.984126984126984,5
131,2,TABANAN,0,0,9,20,1720,0,0,20,1750, 18 Dec 2020,7,144,10,1548,3,58,tabanan,2020-12-18,Tabanan,Tabanan,839.30,376.03,420.913,435.753,0.726 (High),Ni Putu Eka Wiryastuti,10.0,-/133,20,4.01603660789484,13310.292757594325,6.571428571428571,0.015080627262298989,0.5714285714285714,,3.314285714285714,9
132,3,BADUNG,0,0,6,24,2770,0,0,24,2803, 18 Dec 2020,0,236,23,2512,1,55,badung,2020-12-18,Badung,Mangupura,418.52,345.863,543.332,615.148,0.779 (High),I Nyoman Giri Prasta,6.0,16/46,24,4.556627023090378,8940.937790580478,8.857142857142858,0.01439839332509064,0.5714285714285714,,1.962183374955405,1
133,4,DENPASAR,0,1,32,33,4245,0,0,34,4325, 18 Dec 2020,6,188,28,4040,0,97,denpasar,2020-12-18,Kota Denpasar,Denpasar,127.78,532.44,788.589,879.098,0.816 (Very High),Ida Bagus Rai Dharmawijaya Mantra,4.0,16/27,34,4.919815538199382,11034.03716081711,13.714285714285714,0.015600406000566164,0.5714285714285714,,2.2427745664739884,8
134,5,GIANYAR,0,1,16,15,2131,0,0,16,2176, 18 Dec 2020,6,214,10,1885,0,77,gianyar,2020-12-18,Gianyar,Gianyar,368.00,393.155,469.777,494.729,0.742 (High),I Made Agus Mahayastra,7.0,6/64,16,4.39836759114586,15564.076494404007,16.0,0.032340938170190146,0.5714285714285714,,3.5386029411764706,4
135,6,BANGLI,0,0,4,1,853,0,0,1,915, 18 Dec 2020,0,22,1,856,0,37,bangli,2020-12-18,Bangli,Bangli,490.71,193.776,215.353,222.474,0.657 (Medium),I Made Gianyar,4.0,4/68,1,4.112840152107662,16631.15689923317,15.714285714285714,0.07063425710099029,0.5714285714285714,,4.043715846994536,2
136,7,KLUNGKUNG,0,0,2,5,950,0,0,5,971, 18 Dec 2020,4,20,1,929,0,22,klungkung,2020-12-18,Klungkung,Semarapura,315.00,155.262,170.543,175.573,0.683 (Medium),I Nyoman Suwirta,4.0,6/53,5,5.530463112209736,12530.400460207436,16.428571428571427,0.09357117226778278,0.5714285714285714,11933.904398505974,2.265705458290422,7
137,8,KARANGASEM,0,0,0,0,1020,0,0,0,1043, 18 Dec 2020,-1,10,1,982,0,51,karangasem,2020-12-18,Karangasem,Amlapura,839.54,360.486,396.487,408.487,0.640 (Medium),I Gusti Ayu Mas Sumatri,8.0,3/75,0,2.5533248304107596,12485.097444961528,14.285714285714286,0.034972261750592516,0.5714285714285714,12927.999858256882,4.88974113135187,0
138,9,BULELENG,0,0,9,6,1261,0,0,6,1311, 18 Dec 2020,4,74,2,1173,0,64,buleleng,2020-12-18,Buleleng,Singaraja,"1,364.73",558.181,624.125,645.893,0.691 (Medium),Putu Agus Suradnyana,9.0,19/129,6,2.0297479613496354,9908.7619776031,12.285714285714286,0.019021284153434525,0.14285714285714285,12442.06688968671,4.881769641495042,3
139,10,KABUPATEN LAINNYA,0,0,31,0,13,0,0,0,49, 18 Dec 2020,0,3,0,45,0,1,kabupaten lainnya,2020-12-18,,,,,,,,,,,0,,,8.857142857142858,,0.0,,2.0408163265306123,0
140,1,JEMBRANA,0,0,16,2,716,0,0,2,758, 19 Dec 2020,2,68,0,675,0,15,jembrana,2020-12-19,Jembrana,Negara,841.80,231.806,261.638,271.423,0.686 (Medium),I Putu Artha,5.0,10/41,2,2.792688902561684,5526.42922670518,4.285714285714286,0.015789797790586226,0.0,,1.978891820580475,5
141,2,TABANAN,0,0,9,24,1744,0,0,24,1774, 19 Dec 2020,-4,140,28,1576,0,58,tabanan,2020-12-19,Tabanan,Tabanan,839.30,376.03,420.913,435.753,0.726 (High),Ni Putu Eka Wiryastuti,10.0,-/133,24,4.07111368137454,13310.292757594325,5.428571428571429,0.01245790947755134,0.0,,3.269447576099211,9
142,3,BADUNG,0,1,7,22,2792,0,0,23,2826, 19 Dec 2020,1,237,22,2534,0,55,badung,2020-12-19,Badung,Mangupura,418.52,345.863,543.332,615.148,0.779 (High),I Nyoman Giri Prasta,6.0,16/46,23,4.5940163993055325,8940.937790580478,8.571428571428571,0.013933929024281264,0.0,,1.9462137296532203,1
143,4,DENPASAR,0,1,33,23,4268,0,0,24,4349, 19 Dec 2020,9,197,14,4054,1,98,denpasar,2020-12-19,Kota Denpasar,Denpasar,127.78,532.44,788.589,879.098,0.816 (Very High),Ida Bagus Rai Dharmawijaya Mantra,4.0,16/27,24,4.947116248700373,11147.790121237906,11.285714285714286,0.012837834104632575,0.14285714285714285,,2.2533915842722467,8
144,5,GIANYAR,0,0,16,14,2145,0,0,14,2190, 19 Dec 2020,7,221,7,1892,0,77,gianyar,2020-12-19,Gianyar,Gianyar,368.00,393.155,469.777,494.729,0.742 (High),I Made Agus Mahayastra,7.0,6/64,14,4.426665912044776,15564.076494404007,13.285714285714286,0.026854529016318605,0.14285714285714285,,3.515981735159817,4
145,6,BANGLI,0,0,4,2,855,0,0,2,917, 19 Dec 2020,-1,21,3,859,0,37,bangli,2020-12-19,Bangli,Bangli,490.71,193.776,215.353,222.474,0.657 (Medium),I Made Gianyar,4.0,4/68,2,4.1218299666477884,16631.15689923317,12.714285714285714,0.05714953529080124,0.14285714285714285,,4.0348964013086155,2
146,7,KLUNGKUNG,0,0,2,2,952,0,0,2,973, 19 Dec 2020,-1,19,3,932,0,22,klungkung,2020-12-19,Klungkung,Semarapura,315.00,155.262,170.543,175.573,0.683 (Medium),I Nyoman Suwirta,4.0,6/53,2,5.541854385355379,12530.400460207436,13.0,0.0740432754466803,0.14285714285714285,11950.154821423232,2.2610483042137717,7
147,8,KARANGASEM,0,0,0,1,1021,0,0,1,1044, 19 Dec 2020,1,11,0,982,0,51,karangasem,2020-12-19,Karangasem,Amlapura,839.54,360.486,396.487,408.487,0.640 (Medium),I Gusti Ayu Mas Sumatri,8.0,3/75,1,2.555772888733301,12485.097444961528,12.857142857142858,0.031475035575533265,0.14285714285714285,12944.25028117414,4.885057471264368,0
148,9,BULELENG,0,1,10,3,1264,0,0,4,1315, 19 Dec 2020,-4,70,8,1181,0,64,buleleng,2020-12-19,Buleleng,Singaraja,"1,364.73",558.181,624.125,645.893,0.691 (Medium),Putu Agus Suradnyana,9.0,19/129,4,2.035940937585637,9908.7619776031,10.0,0.015482440590004845,0.14285714285714285,12458.317312603966,4.866920152091255,3
149,10,KABUPATEN LAINNYA,0,0,31,0,13,0,0,0,49, 19 Dec 2020,0,3,0,45,0,1,kabupaten lainnya,2020-12-19,,,,,,,,,,,0,,,6.714285714285714,,0.14285714285714285,,2.0408163265306123,0
150,1,JEMBRANA,0,1,17,28,744,0,0,1,787,20 Dec 2020,22,88,7,682,29,17,jembrana,2020-12-20,Jembrana,Negara,841.80,231.806,261.638,271.423,0.686 (Medium),I Putu Artha,5.0,10/41,1,2.899533200944651,6263.2864569325375,3.4285714285714284,0.012631838232468981,4.142857142857143,,2.1601016518424396,5
151,2,TABANAN,0,0,9,16,1790,0,0,16,1790,20 Dec 2020,21,121,33,1609,2,60,tabanan,2020-12-20,Tabanan,Tabanan,839.30,376.03,420.913,435.753,0.726 (High),Ni Putu Eka Wiryastuti,10.0,-/133,16,4.107831730361007,13769.268369925165,3.7142857142857144,0.008523832800429863,4.428571428571429,,3.35195530726257,9
152,3,BADUNG,0,0,7,26,2818,0,0,26,2852,20 Dec 2020,6,243,20,2554,0,55,badung,2020-12-20,Badung,Mangupura,418.52,345.863,543.332,615.148,0.779 (High),I Nyoman Giri Prasta,6.0,16/46,26,4.636282650679186,8940.937790580478,7.142857142857143,0.011611607520234388,4.428571428571429,,1.9284712482468442,1
153,4,DENPASAR,0,0,33,4,4272,0,0,4,4353,20 Dec 2020,-4,193,8,4062,0,98,denpasar,2020-12-20,Kota Denpasar,Denpasar,127.78,532.44,788.589,879.098,0.816 (Very High),Ida Bagus Rai Dharmawijaya Mantra,4.0,16/27,4,4.9516663671172045,11147.790121237906,7.428571428571429,0.00845021991697334,4.428571428571429,,2.2513209280955664,8
154,5,GIANYAR,0,0,16,13,2158,0,0,13,2203,20 Dec 2020,0,221,13,1905,0,77,gianyar,2020-12-20,Gianyar,Gianyar,368.00,393.155,469.777,494.729,0.742 (High),I Made Agus Mahayastra,7.0,6/64,13,4.452942924308056,15564.076494404007,9.142857142857142,0.01848053609725151,4.428571428571429,,3.4952337721289153,4
155,6,BANGLI,0,0,4,6,861,0,0,6,923,20 Dec 2020,3,24,3,862,0,37,bangli,2020-12-20,Bangli,Bangli,490.71,193.776,215.353,222.474,0.657 (Medium),I Made Gianyar,4.0,4/68,6,4.1487994102681665,16631.15689923317,9.428571428571429,0.04238055426059418,4.428571428571429,,4.008667388949079,2
156,7,KLUNGKUNG,0,0,2,0,952,0,0,0,973,20 Dec 2020,0,19,0,932,0,22,klungkung,2020-12-20,Klungkung,Semarapura,315.00,155.262,170.543,175.573,0.683 (Medium),I Nyoman Suwirta,4.0,6/53,0,5.541854385355379,12530.400460207436,9.428571428571429,0.05370171625803186,4.428571428571429,12120.98808464583,2.2610483042137717,7
157,8,KARANGASEM,0,0,0,0,1024,0,0,0,1044,20 Dec 2020,-2,9,2,984,0,51,karangasem,2020-12-20,Karangasem,Amlapura,839.54,360.486,396.487,408.487,0.640 (Medium),I Gusti Ayu Mas Sumatri,8.0,3/75,0,2.555772888733301,12485.097444961528,9.285714285714286,0.022731970137885138,0.2857142857142857,13009.818225792831,4.885057471264368,0
158,9,BULELENG,0,0,10,5,1269,0,0,5,1320,20 Dec 2020,0,70,5,1186,0,64,buleleng,2020-12-20,Buleleng,Singaraja,"1,364.73",558.181,624.125,645.893,0.691 (Medium),Putu Agus Suradnyana,9.0,19/129,5,2.0436821578806397,9908.7619776031,7.714285714285714,0.011943597026575166,0.0,12458.317312603966,4.848484848484849,3
159,10,KABUPATEN LAINNYA,0,0,31,0,13,0,0,0,49,20 Dec 2020,0,3,0,45,0,1,kabupaten lainnya,2020-12-20,,,,,,,,,,,0,,,4.0,,0.0,,2.0408163265306123,0
160,1,JEMBRANA,0,0,17,1,745,0,0,1,788, 21 Dec 2020,-12,76,13,695,0,17,jembrana,2020-12-21,Jembrana,Negara,841.80,231.806,261.638,271.423,0.686 (Medium),I Putu Artha,5.0,10/41,1,2.903217487095788,6263.2864569325375,3.5714285714285716,0.013158164825488523,0.0,,2.1573604060913705,5
161,2,TABANAN,0,0,9,30,1790,0,0,30,1820, 21 Dec 2020,16,137,14,1623,0,60,tabanan,2020-12-21,Tabanan,Tabanan,839.30,376.03,420.913,435.753,0.726 (High),Ni Putu Eka Wiryastuti,10.0,-/133,30,4.176678072210633,13769.268369925165,6.0,0.013769268369925165,0.0,,3.296703296703297,9
162,3,BADUNG,0,0,7,40,2858,0,0,40,2892, 21 Dec 2020,12,255,28,2582,0,55,badung,2020-12-21,Badung,Mangupura,418.52,345.863,543.332,615.148,0.779 (High),I Nyoman Giri Prasta,6.0,16/46,40,4.701307652792498,8940.937790580478,10.857142857142858,0.017649643430756267,0.0,,1.9017980636237897,1
163,4,DENPASAR,0,2,35,43,4315,0,0,45,4398, 21 Dec 2020,3,196,42,4104,0,98,denpasar,2020-12-21,Kota Denpasar,Denpasar,127.78,532.44,788.589,879.098,0.816 (Very High),Ida Bagus Rai Dharmawijaya Mantra,4.0,16/27,45,5.002855199306563,11147.790121237906,17.285714285714285,0.01966301172988027,0.0,,2.2282855843565255,8
164,5,GIANYAR,0,0,16,16,2174,0,0,16,2219, 21 Dec 2020,10,231,5,1910,1,78,gianyar,2020-12-21,Gianyar,Gianyar,368.00,393.155,469.777,494.729,0.742 (High),I Made Agus Mahayastra,7.0,6/64,16,4.485283862478246,15766.207357967696,19.571428571428573,0.03955989758317902,0.14285714285714285,,3.515096890491212,4
165,6,BANGLI,0,0,4,0,861,0,0,0,923, 21 Dec 2020,0,24,0,862,0,37,bangli,2020-12-21,Bangli,Bangli,490.71,193.776,215.353,222.474,0.657 (Medium),I Made Gianyar,4.0,4/68,0,4.1487994102681665,16631.15689923317,18.857142857142858,0.08476110852118836,0.14285714285714285,,4.008667388949079,2
166,7,KLUNGKUNG,0,0,2,0,952,0,0,0,973, 21 Dec 2020,0,19,0,932,0,22,klungkung,2020-12-21,Klungkung,Semarapura,315.00,155.262,170.543,175.573,0.683 (Medium),I Nyoman Suwirta,4.0,6/53,0,5.541854385355379,12530.400460207436,18.857142857142858,0.10740343251606373,0.14285714285714285,12149.863922297789,2.2610483042137717,7
167,8,KARANGASEM,0,0,0,3,1024,0,0,3,1047, 21 Dec 2020,2,11,1,985,0,51,karangasem,2020-12-21,Karangasem,Amlapura,839.54,360.486,396.487,408.487,0.640 (Medium),I Gusti Ayu Mas Sumatri,8.0,3/75,3,2.5631170637009255,12485.097444961528,19.142857142857142,0.04686283074579397,0.14285714285714285,13038.694063444787,4.871060171919771,0
168,9,BULELENG,0,0,10,0,1269,0,0,0,1320, 21 Dec 2020,-12,58,12,1198,0,64,buleleng,2020-12-21,Buleleng,Singaraja,"1,364.73",558.181,624.125,645.893,0.691 (Medium),Putu Agus Suradnyana,9.0,19/129,0,2.0436821578806397,9908.7619776031,14.857142857142858,0.023002483162292912,0.14285714285714285,12487.193150255922,4.848484848484849,3
169,10,KABUPATEN LAINNYA,0,0,31,0,13,0,0,0,49, 21 Dec 2020,0,3,0,45,0,1,kabupaten lainnya,2020-12-21,,,,,,,,,,,0,,,9.142857142857142,,0.14285714285714285,,2.0408163265306123,0
170,1,JEMBRANA,0,0,17,1,746,0,0,1,789,22 Dec 2020,0,76,1,696,0,17,jembrana,2020-12-22,Jembrana,Negara,841.80,231.806,261.638,271.423,0.686 (Medium),I Putu Artha,5.0,10/41,1,2.9069017732469247,6263.2864569325375,2.857142857142857,0.010526531860390818,0.14285714285714285,,2.1546261089987326,5
171,2,TABANAN,0,0,9,6,1796,0,0,6,1826,22 Dec 2020,-4,133,10,1633,0,60,tabanan,2020-12-22,Tabanan,Tabanan,839.30,376.03,420.913,435.753,0.726 (High),Ni Putu Eka Wiryastuti,10.0,-/133,6,4.190447340580558,13769.268369925165,1.4285714285714286,0.003278397230934563,0.0,,3.285870755750274,9
172,3,BADUNG,0,2,9,28,2886,0,0,30,2922,22 Dec 2020,6,261,24,2606,0,55,badung,2020-12-22,Badung,Mangupura,418.52,345.863,543.332,615.148,0.779 (High),I Nyoman Giri Prasta,6.0,16/46,30,4.750076404377483,8940.937790580478,5.714285714285714,0.00928928601618751,0.0,,1.8822724161533195,1
173,4,DENPASAR,0,7,42,38,4353,0,0,45,4443,22 Dec 2020,16,212,29,4133,0,98,denpasar,2020-12-22,Kota Denpasar,Denpasar,127.78,532.44,788.589,879.098,0.816 (Very High),Ida Bagus Rai Dharmawijaya Mantra,4.0,16/27,45,5.05404403149592,11147.790121237906,12.142857142857142,0.013812859479667958,0.0,,2.2057168579788433,8
174,5,GIANYAR,0,6,22,5,2179,0,0,11,2230,22 Dec 2020,-67,164,78,1988,0,78,gianyar,2020-12-22,Gianyar,Gianyar,368.00,393.155,469.777,494.729,0.742 (High),I Made Agus Mahayastra,7.0,6/64,11,4.5075182574702515,15766.207357967696,13.285714285714286,0.026854529016318605,0.0,,3.497757847533632,4
175,6,BANGLI,0,0,4,6,867,0,0,6,929,22 Dec 2020,0,24,6,868,0,37,bangli,2020-12-22,Bangli,Bangli,490.71,193.776,215.353,222.474,0.657 (Medium),I Made Gianyar,4.0,4/68,6,4.1757688538885445,16631.15689923317,14.142857142857142,0.06357083139089126,0.0,,3.982777179763186,2
176,7,KLUNGKUNG,0,0,2,1,953,0,0,1,974,22 Dec 2020,-5,14,6,938,0,22,klungkung,2020-12-22,Klungkung,Semarapura,315.00,155.262,170.543,175.573,0.683 (Medium),I Nyoman Suwirta,4.0,6/53,1,5.547550021928201,12530.400460207436,14.285714285714286,0.08136623675459373,0.0,12149.86392229779,2.2587268993839835,7
177,8,KARANGASEM,0,0,0,2,1026,0,0,2,1049,22 Dec 2020,1,12,1,986,0,51,karangasem,2020-12-22,Karangasem,Amlapura,839.54,360.486,396.487,408.487,0.640 (Medium),I Gusti Ayu Mas Sumatri,8.0,3/75,2,2.5680131803460085,12485.097444961528,14.428571428571429,0.03532198436809844,0.0,13038.694063444791,4.861773117254528,0
178,9,BULELENG,0,1,11,14,1283,0,0,15,1335,22 Dec 2020,3,61,11,1209,1,65,buleleng,2020-12-22,Buleleng,Singaraja,"1,364.73",558.181,624.125,645.893,0.691 (Medium),Putu Agus Suradnyana,9.0,19/129,15,2.066905818765647,10063.586383503149,15.714285714285714,0.02432954949857904,0.14285714285714285,12509.31092252736,4.868913857677903,3
179,10,KABUPATEN LAINNYA,0,0,31,0,13,0,0,0,49,22 Dec 2020,0,3,0,45,0,1,kabupaten lainnya,2020-12-22,,,,,,,,,,,0,,,11.428571428571429,,0.14285714285714285,,2.0408163265306123,0
180,1,JEMBRANA,0,1,18,11,757,0,0,12,801,23 Dec 2020,12,88,0,696,0,17,jembrana,2020-12-23,Jembrana,Negara,841.80,231.806,261.638,271.423,0.686 (Medium),I Putu Artha,5.0,10/41,12,2.951113207060566,6263.2864569325375,6.714285714285714,0.024737349871918425,0.14285714285714285,,2.1223470661672907,5
181,2,TABANAN,0,0,9,12,1808,0,0,12,1838,23 Dec 2020,8,141,4,1637,0,60,tabanan,2020-12-23,Tabanan,Tabanan,839.30,376.03,420.913,435.753,0.726 (High),Ni Putu Eka Wiryastuti,10.0,-/133,12,4.217985877320409,13769.268369925165,6.857142857142857,0.0157363067084859,0.14285714285714285,,3.264417845484222,9
182,3,BADUNG,0,1,10,47,2933,0,0,48,2970,23 Dec 2020,17,278,30,2636,1,56,badung,2020-12-23,Badung,Mangupura,418.52,345.863,543.332,615.148,0.779 (High),I Nyoman Giri Prasta,6.0,16/46,48,4.828106406913458,9103.50029586376,12.857142857142858,0.020900893536421897,0.2857142857142857,,1.8855218855218854,1
183,4,DENPASAR,0,3,45,23,4376,0,0,26,4469,23 Dec 2020,3,215,23,4156,0,98,denpasar,2020-12-23,Kota Denpasar,Denpasar,127.78,532.44,788.589,879.098,0.816 (Very High),Ida Bagus Rai Dharmawijaya Mantra,4.0,16/27,26,5.083619801205327,11147.790121237906,16.428571428571427,0.018687986354844883,0.2857142857142857,,2.192884314164243,8
184,5,GIANYAR,0,1,23,12,2191,0,0,13,2243,23 Dec 2020,-14,150,27,2015,0,78,gianyar,2020-12-23,Gianyar,Gianyar,368.00,393.155,469.777,494.729,0.742 (High),I Made Agus Mahayastra,7.0,6/64,13,4.533795269733531,15766.207357967696,18.0,0.03638355544146391,0.2857142857142857,,3.4774855104770395,4
185,6,BANGLI,0,0,4,5,872,0,0,5,934,23 Dec 2020,1,25,3,871,1,38,bangli,2020-12-23,Bangli,Bangli,490.71,193.776,215.353,222.474,0.657 (Medium),I Made Gianyar,4.0,4/68,5,4.19824339023886,17080.64762623947,16.571428571428573,0.07448703476104432,0.2857142857142857,,4.068522483940043,2
186,7,KLUNGKUNG,0,0,2,1,954,0,0,1,975,23 Dec 2020,0,14,1,939,0,22,klungkung,2020-12-23,Klungkung,Semarapura,315.00,155.262,170.543,175.573,0.683 (Medium),I Nyoman Suwirta,4.0,6/53,1,5.553245658501022,12530.400460207436,16.714285714285715,0.09519849700287467,0.2857142857142857,12237.300098339163,2.2564102564102564,7
187,8,KARANGASEM,0,0,0,1,1027,0,0,1,1050,23 Dec 2020,-1,11,2,988,0,51,karangasem,2020-12-23,Karangasem,Amlapura,839.54,360.486,396.487,408.487,0.640 (Medium),I Gusti Ayu Mas Sumatri,8.0,3/75,1,2.5704612386685497,12485.097444961528,15.142857142857142,0.03707059745562807,0.2857142857142857,13126.130239486161,4.857142857142857,0
188,9,BULELENG,0,1,12,3,1286,0,0,4,1339,23 Dec 2020,1,62,3,1212,0,65,buleleng,2020-12-23,Buleleng,Singaraja,"1,364.73",558.181,624.125,645.893,0.691 (Medium),Putu Agus Suradnyana,9.0,19/129,4,2.073098795001649,10063.586383503149,14.0,0.021675416826006783,0.2857142857142857,12596.74709856873,4.854368932038835,3
189,10,KABUPATEN LAINNYA,0,0,31,0,13,0,0,0,49,23 Dec 2020,-2,1,2,47,0,1,kabupaten lainnya,2020-12-23,,,,,,,,,,,0,,,7.142857142857143,,0.14285714285714285,,2.0408163265306123,0
190,1,JEMBRANA,0,0,18,1,758,0,0,1,802,24 Dec 2020,-20,68,20,716,1,18,jembrana,2020-12-24,Jembrana,Negara,841.80,231.806,261.638,271.423,0.686 (Medium),I Putu Artha,5.0,10/41,1,2.9547974932117027,6631.715072046215,3.5714285714285716,0.013158164825488523,0.2857142857142857,,2.2443890274314215,5
191,2,TABANAN,0,1,10,20,1828,0,0,21,1859,24 Dec 2020,-19,122,40,1677,0,60,tabanan,2020-12-24,Tabanan,Tabanan,839.30,376.03,420.913,435.753,0.726 (High),Ni Putu Eka Wiryastuti,10.0,-/133,21,4.266178316615147,13769.268369925165,4.714285714285714,0.010818710862084057,0.2857142857142857,,3.2275416890801503,9
192,3,BADUNG,0,1,11,31,2964,0,0,32,3002,24 Dec 2020,9,287,23,2659,0,56,badung,2020-12-24,Badung,Mangupura,418.52,345.863,543.332,615.148,0.779 (High),I Nyoman Giri Prasta,6.0,16/46,32,4.8801264086041085,9103.50029586376,8.571428571428571,0.013933929024281264,0.14285714285714285,,1.8654230512991337,1
193,4,DENPASAR,0,1,46,30,4406,0,0,31,4500,24 Dec 2020,13,228,17,4173,1,99,denpasar,2020-12-24,Kota Denpasar,Denpasar,127.78,532.44,788.589,879.098,0.816 (Very High),Ida Bagus Rai Dharmawijaya Mantra,4.0,16/27,31,5.118883218935773,11261.543081658701,12.857142857142858,0.01462538062553078,0.2857142857142857,,2.1999999999999997,8
194,5,GIANYAR,0,2,25,14,2205,0,0,16,2259,24 Dec 2020,-6,144,22,2037,0,78,gianyar,2020-12-24,Gianyar,Gianyar,368.00,393.155,469.777,494.729,0.742 (High),I Made Agus Mahayastra,7.0,6/64,16,4.566136207903721,15766.207357967696,15.0,0.03031962953455326,0.2857142857142857,,3.4528552456839305,4
195,6,BANGLI,0,0,4,4,876,0,0,4,938,24 Dec 2020,4,29,0,871,0,38,bangli,2020-12-24,Bangli,Bangli,490.71,193.776,215.353,222.474,0.657 (Medium),I Made Gianyar,4.0,4/68,4,4.216223019319112,17080.64762623947,15.0,0.06742360905094529,0.2857142857142857,,4.051172707889126,2
196,7,KLUNGKUNG,0,0,2,1,955,0,0,1,976,24 Dec 2020,0,14,1,940,0,22,klungkung,2020-12-24,Klungkung,Semarapura,315.00,155.262,170.543,175.573,0.683 (Medium),I Nyoman Suwirta,4.0,6/53,1,5.5589412950738435,12530.400460207436,15.142857142857142,0.08624821095986936,0.2857142857142857,12306.183180558375,2.2540983606557377,7
197,8,KARANGASEM,0,0,0,2,1029,0,0,2,1052,24 Dec 2020,2,13,0,988,0,51,karangasem,2020-12-24,Karangasem,Amlapura,839.54,360.486,396.487,408.487,0.640 (Medium),I Gusti Ayu Mas Sumatri,8.0,3/75,2,2.5753573553136326,12485.097444961528,15.285714285714286,0.03742032007313399,0.14285714285714285,13142.38066240342,4.847908745247148,0
198,9,BULELENG,0,1,13,14,1300,0,0,15,1354,24 Dec 2020,10,72,4,1216,1,66,buleleng,2020-12-24,Buleleng,Singaraja,"1,364.73",558.181,624.125,645.893,0.691 (Medium),Putu Agus Suradnyana,9.0,19/129,15,2.096322455886656,10218.410789403199,14.428571428571429,0.02233894999414985,0.2857142857142857,12635.115293757426,4.874446085672083,3
199,10,KABUPATEN LAINNYA,0,0,31,0,13,0,0,0,49,24 Dec 2020,0,1,0,47,0,1,kabupaten lainnya,2020-12-24,,,,,,,,,,,0,,,9.857142857142858,,0.2857142857142857,,2.0408163265306123,0
200,1,JEMBRANA,0,1,19,27,785,0,0,28,830,25 Dec 2020,19,87,9,725,0,18,jembrana,2020-12-25,Jembrana,Negara,841.80,231.806,261.638,271.423,0.686 (Medium),I Putu Artha,5.0,10/41,28,3.057957505443533,6631.715072046215,9.428571428571429,0.0347375551392897,0.14285714285714285,,2.1686746987951806,5
201,2,TABANAN,0,0,10,12,1840,0,0,12,1871,25 Dec 2020,-15,107,26,1703,1,61,tabanan,2020-12-25,Tabanan,Tabanan,839.30,376.03,420.913,435.753,0.726 (High),Ni Putu Eka Wiryastuti,10.0,-/133,12,4.293716853354997,13998.756176090585,8.857142857142858,0.020326062831794292,0.2857142857142857,,3.260288615713522,9
202,3,BADUNG,0,2,13,34,2998,0,0,36,3038,25 Dec 2020,1,288,33,2692,2,58,badung,2020-12-25,Badung,Mangupura,418.52,345.863,543.332,615.148,0.779 (High),I Nyoman Giri Prasta,6.0,16/46,36,4.93864891050609,9428.625306430322,13.428571428571429,0.021829822138040647,0.5714285714285714,,1.9091507570770245,1
203,4,DENPASAR,0,0,46,12,4418,0,0,12,4512,25 Dec 2020,-3,225,14,4187,1,100,denpasar,2020-12-25,Kota Denpasar,Denpasar,127.78,532.44,788.589,879.098,0.816 (Very High),Ida Bagus Rai Dharmawijaya Mantra,4.0,16/27,12,5.132533574186269,11375.296042079495,15.0,0.017062944063119242,0.7142857142857143,,2.2163120567375887,8
204,5,GIANYAR,0,0,25,16,2221,0,0,16,2275,25 Dec 2020,7,151,8,2045,1,79,gianyar,2020-12-25,Gianyar,Gianyar,368.00,393.155,469.777,494.729,0.742 (High),I Made Agus Mahayastra,7.0,6/64,16,4.598477146073911,15968.338221531383,17.0,0.03436224680582703,0.8571428571428571,,3.472527472527472,4
205,6,BANGLI,0,0,4,1,877,0,0,1,939,25 Dec 2020,-1,28,2,873,0,38,bangli,2020-12-25,Bangli,Bangli,490.71,193.776,215.353,222.474,0.657 (Medium),I Made Gianyar,4.0,4/68,1,4.220717926589175,17080.64762623947,15.0,0.06742360905094529,0.7142857142857143,,4.046858359957402,2
206,7,KLUNGKUNG,0,0,2,0,955,0,0,0,976,25 Dec 2020,0,14,0,940,0,22,klungkung,2020-12-25,Klungkung,Semarapura,315.00,155.262,170.543,175.573,0.683 (Medium),I Nyoman Suwirta,4.0,6/53,0,5.5589412950738435,12530.400460207436,15.0,0.08543454859232341,0.7142857142857143,12430.539843517869,2.2540983606557377,7
207,8,KARANGASEM,0,0,0,3,1032,0,0,3,1055,25 Dec 2020,3,16,0,988,0,51,karangasem,2020-12-25,Karangasem,Amlapura,839.54,360.486,396.487,408.487,0.640 (Medium),I Gusti Ayu Mas Sumatri,8.0,3/75,3,2.5827015302812573,12485.097444961528,11.428571428571429,0.027977809400474014,0.7142857142857143,13266.737325362916,4.834123222748815,0
208,9,BULELENG,0,0,13,4,1304,0,0,4,1358,25 Dec 2020,-9,63,13,1229,0,66,buleleng,2020-12-25,Buleleng,Singaraja,"1,364.73",558.181,624.125,645.893,0.691 (Medium),Putu Agus Suradnyana,9.0,19/129,4,2.102515432122658,10218.410789403199,10.285714285714286,0.015924796035433557,0.5714285714285714,12726.687984407574,4.860088365243005,3
209,10,KABUPATEN LAINNYA,0,0,31,0,13,0,0,0,49,25 Dec 2020,0,1,0,47,0,1,kabupaten lainnya,2020-12-25,,,,,,,,,,,0,,,5.142857142857143,,0.2857142857142857,,2.0408163265306123,0
210,1,JEMBRANA,0,0,19,3,788,0,0,3,833,26 Dec 2020,-7,80,8,733,2,20,jembrana,2020-12-26,Jembrana,Negara,841.80,231.806,261.638,271.423,0.686 (Medium),I Putu Artha,5.0,10/41,3,3.0690103638969433,7368.572302273573,3.857142857142857,0.014210818011527605,0.42857142857142855,,2.4009603841536618,5
211,2,TABANAN,0,0,10,29,1869,0,0,29,1900,26 Dec 2020,5,112,23,1726,1,62,tabanan,2020-12-26,Tabanan,Tabanan,839.30,376.03,420.913,435.753,0.726 (High),Ni Putu Eka Wiryastuti,10.0,-/133,29,4.360268317142968,14228.243982256003,5.714285714285714,0.013113588923738251,0.42857142857142855,,3.263157894736842,9
212,3,BADUNG,1,1,14,25,3023,0,0,27,3065,26 Dec 2020,9,297,17,2709,1,59,badung,2020-12-26,Badung,Mangupura,418.52,345.863,543.332,615.148,0.779 (High),I Nyoman Giri Prasta,6.0,16/46,27,4.982540786932575,9591.187811713602,9.428571428571429,0.015327321926709391,0.5714285714285714,,1.9249592169657423,1
213,4,DENPASAR,0,5,51,21,4439,0,0,26,4538,26 Dec 2020,-1,224,27,4214,0,100,denpasar,2020-12-26,Kota Denpasar,Denpasar,127.78,532.44,788.589,879.098,0.816 (Very High),Ida Bagus Rai Dharmawijaya Mantra,4.0,16/27,26,5.1621093438956756,11375.296042079495,13.142857142857142,0.014950389083875908,0.5714285714285714,,2.203613926840018,8
214,5,GIANYAR,0,0,25,11,2232,0,0,11,2286,26 Dec 2020,-3,148,14,2059,0,79,gianyar,2020-12-26,Gianyar,Gianyar,368.00,393.155,469.777,494.729,0.742 (High),I Made Agus Mahayastra,7.0,6/64,11,4.620711541065917,15968.338221531383,14.285714285714286,0.028875837651955488,0.5714285714285714,,3.4558180227471564,4
215,6,BANGLI,0,0,4,0,877,0,0,0,939,26 Dec 2020,-3,25,3,876,0,38,bangli,2020-12-26,Bangli,Bangli,490.71,193.776,215.353,222.474,0.657 (Medium),I Made Gianyar,4.0,4/68,0,4.220717926589175,17080.64762623947,13.714285714285714,0.06164444256086425,0.5714285714285714,,4.046858359957402,2
216,7,KLUNGKUNG,0,0,2,0,955,0,0,0,976,26 Dec 2020,-2,12,2,942,0,22,klungkung,2020-12-26,Klungkung,Semarapura,315.00,155.262,170.543,175.573,0.683 (Medium),I Nyoman Suwirta,4.0,6/53,0,5.5589412950738435,12530.400460207436,13.714285714285714,0.07811158728440998,0.5714285714285714,12591.812349471595,2.2540983606557377,7
217,8,KARANGASEM,0,0,0,0,1032,0,0,0,1055,26 Dec 2020,-1,15,1,989,0,51,karangasem,2020-12-26,Karangasem,Amlapura,839.54,360.486,396.487,408.487,0.640 (Medium),I Gusti Ayu Mas Sumatri,8.0,3/75,0,2.5827015302812573,12485.097444961528,13.285714285714286,0.03252420342805104,0.2857142857142857,13322.74451271273,4.834123222748815,0
218,9,BULELENG,0,0,13,0,1304,0,0,0,1358,26 Dec 2020,-9,54,9,1238,0,66,buleleng,2020-12-26,Buleleng,Singaraja,"1,364.73",558.181,624.125,645.893,0.691 (Medium),Putu Agus Suradnyana,9.0,19/129,0,2.102515432122658,10218.410789403199,9.142857142857142,0.014155374253718715,0.14285714285714285,12749.911199448046,4.860088365243005,3
219,10,KABUPATEN LAINNYA,0,0,31,0,13,0,0,0,49,26 Dec 2020,0,1,0,47,0,1,kabupaten lainnya,2020-12-26,,,,,,,,,,,0,,,5.285714285714286,,0.0,,2.0408163265306123,0
