,No,Kabupaten / County,New PPLN / PMI,new PPDN,total PPDN,new_local_transmission,total_local_transmission,new_other_transmission,total_other_transmission,new_cases,total_cases,date,new_treatment,total_treatment,new_recovered,total_recovered,new_deaths,total_deaths,Name_EN,Name_Indo,Capital,area_km2,population_2000,population_2010,population_2015,HDI_2014_estimate,Gouvernor,Nr. of Sub-Districts,Nr of Keluruhan/Villages,new_total,cases_per_100k,deaths_per_100k,cases7,cases7_per_100k,total_cases_per_100k,deaths7,deaths7_per_100k,CFR
0,1,JEMBRANA,0,0,11,1,626,0,0,1,663,2020-12-05,-7,70,7,579,1,14,jembrana,Jembrana,Negara,841.80,231.806,261.638,271.423,0.686 (Medium),I Putu Artha,5.0,10/41,1,244268.17182036894,5158.000611591501,,,2.4426817182036893,,,2.1116138763197587
1,2,TABANAN,0,2,10,23,1466,0,0,25,1497,2020-12-05,-10,434,35,1016,0,47,tabanan,Tabanan,Tabanan,839.30,376.03,420.913,435.753,0.726 (High),Ni Putu Eka Wiryastuti,10.0,-/133,25,343543.24582963286,10785.926889774712,,,3.4354324582963285,,,3.139612558450234
2,3,BADUNG,0,0,4,18,2478,0,0,18,2509,2020-12-05,-9,159,27,2299,0,51,badung,Badung,Mangupura,418.52,345.863,543.332,615.148,0.779 (High),I Nyoman Giri Prasta,6.0,16/46,18,407869.32575575303,8290.687769447353,,,4.07869325755753,,,2.0326823435631725
3,4,DENPASAR,0,-1,22,28,3891,0,0,27,3961,2020-12-05,1,166,26,3705,0,90,denpasar,Kota Denpasar,Denpasar,127.78,532.44,788.589,879.098,0.816 (Very High),Ida Bagus Rai Dharmawijaya Mantra,4.0,16/27,27,450575.47622676886,10237.766437871545,,,4.505754762267689,,,2.27215349659177
4,5,GIANYAR,0,-1,10,16,1951,0,0,15,1990,2020-12-05,-16,234,31,1681,0,75,gianyar,Gianyar,Gianyar,368.00,393.155,469.777,494.729,0.742 (High),I Made Agus Mahayastra,7.0,6/64,15,402240.41849173995,15159.81476727663,,,4.0224041849173995,,,3.7688442211055273
5,6,BANGLI,0,0,3,0,824,0,0,0,885,2020-12-05,-1,8,1,842,0,35,bangli,Bangli,Bangli,490.71,193.776,215.353,222.474,0.657 (Medium),I Made Gianyar,4.0,4/68,0,397799.29340057715,15732.175445220568,,,3.977992934005772,,,3.954802259887006
6,7,KLUNGKUNG,0,0,0,0,928,0,0,0,947,2020-12-05,0,9,0,918,0,20,klungkung,Klungkung,Semarapura,315.00,155.262,170.543,175.573,0.683 (Medium),I Nyoman Suwirta,4.0,6/53,0,539376.7834462018,11391.273145643123,12.285714285714286,0.06997496360895061,5.393767834462018,0.14285714285714285,10965.092152403633,2.1119324181626187
7,8,KARANGASEM,0,0,0,0,1006,0,0,0,1029,2020-12-05,-3,14,3,964,0,51,karangasem,Karangasem,Amlapura,839.54,360.486,396.487,408.487,0.640 (Medium),I Gusti Ayu Mas Sumatri,8.0,3/75,0,251905.2013895179,12485.097444961528,12.142857142857142,0.029726422488003636,2.519052013895179,0.0,12011.820271456494,4.956268221574344
8,9,BULELENG,0,0,6,5,1172,0,0,5,1219,2020-12-05,1,59,4,1101,0,59,buleleng,Buleleng,Singaraja,"1,364.73",558.181,624.125,645.893,0.691 (Medium),Putu Agus Suradnyana,9.0,19/129,5,188730.95079215907,9134.639948102858,9.285714285714286,0.014376551976433071,1.8873095079215907,0.0,11775.922136931944,4.8400328137817885
9,10,KABUPATEN LAINNYA,0,0,31,0,13,0,0,0,49,2020-12-05,-1,4,1,44,0,1,kabupaten lainnya,,,,,,,,,,,0,,,6.714285714285714,,,0.0,,2.0408163265306123
10,1,JEMBRANA,0,0,11,0,626,0,0,0,663,2020-12-06,-9,61,9,588,0,14,jembrana,Jembrana,Negara,841.80,231.806,261.638,271.423,0.686 (Medium),I Putu Artha,5.0,10/41,0,244268.17182036894,5158.000611591501,2.857142857142857,0.010526531860390818,2.4426817182036893,0.0,,2.1116138763197587
11,2,TABANAN,0,1,11,45,1511,0,0,46,1543,2020-12-06,26,460,20,1036,0,47,tabanan,Tabanan,Tabanan,839.30,376.03,420.913,435.753,0.726 (High),Ni Putu Eka Wiryastuti,10.0,-/133,46,354099.6849132422,10785.926889774712,7.285714285714286,0.01671982587776627,3.5409968491324215,0.0,,3.04601425793908
12,3,BADUNG,0,0,4,24,2502,0,0,24,2533,2020-12-06,9,168,15,2314,0,51,badung,Badung,Mangupura,418.52,345.863,543.332,615.148,0.779 (High),I Nyoman Giri Prasta,6.0,16/46,24,411770.8258825518,8290.687769447353,10.714285714285714,0.01741741128035158,4.117708258825518,0.0,,2.013422818791946
13,4,DENPASAR,0,0,22,18,3909,0,0,18,3979,2020-12-06,1,167,17,3722,0,90,denpasar,Kota Denpasar,Denpasar,127.78,532.44,788.589,879.098,0.816 (Very High),Ida Bagus Rai Dharmawijaya Mantra,4.0,16/27,18,452623.0295143431,10237.766437871545,13.285714285714286,0.015112893313048473,4.5262302951434314,0.0,,2.261874842925358
14,5,GIANYAR,0,0,10,8,1959,0,0,8,1998,2020-12-06,-4,230,12,1693,0,75,gianyar,Gianyar,Gianyar,368.00,393.155,469.777,494.729,0.742 (High),I Made Agus Mahayastra,7.0,6/64,8,403857.46540024946,15159.81476727663,14.428571428571429,0.029164596028475043,4.0385746540024945,0.0,,3.7537537537537538
15,6,BANGLI,0,0,3,0,824,0,0,0,885,2020-12-06,0,8,0,842,0,35,bangli,Bangli,Bangli,490.71,193.776,215.353,222.474,0.657 (Medium),I Made Gianyar,4.0,4/68,0,397799.29340057715,15732.175445220568,13.714285714285714,0.06164444256086425,3.977992934005772,0.0,,3.954802259887006
16,7,KLUNGKUNG,0,0,0,1,929,0,0,1,948,2020-12-06,-1,8,0,918,2,22,klungkung,Klungkung,Semarapura,315.00,155.262,170.543,175.573,0.683 (Medium),I Nyoman Suwirta,4.0,6/53,1,539946.3471034841,12530.400460207436,13.857142857142858,0.07892524965195592,5.39946347103484,0.2857142857142857,11127.824625912823,2.320675105485232
17,8,KARANGASEM,0,0,0,0,1006,0,0,0,1029,2020-12-06,0,14,0,964,0,51,karangasem,Karangasem,Amlapura,839.54,360.486,396.487,408.487,0.640 (Medium),I Gusti Ayu Mas Sumatri,8.0,3/75,0,251905.2013895179,12485.097444961528,13.857142857142858,0.03392309389807474,2.519052013895179,0.2857142857142857,12174.552744965684,4.956268221574344
18,9,BULELENG,0,0,6,13,1185,0,0,13,1232,2020-12-06,12,71,1,1102,0,59,buleleng,Buleleng,Singaraja,"1,364.73",558.181,624.125,645.893,0.691 (Medium),Putu Agus Suradnyana,9.0,19/129,13,190743.6680688597,9134.639948102858,9.142857142857142,0.014155374253718715,1.907436680688597,0.2857142857142857,11938.654610441135,4.788961038961039
19,10,KABUPATEN LAINNYA,0,0,31,0,13,0,0,0,49,2020-12-06,0,4,0,44,0,1,kabupaten lainnya,,,,,,,,,,,0,,,5.714285714285714,,,0.2857142857142857,,2.0408163265306123
20,1,JEMBRANA,0,0,11,9,635,0,0,9,672,2020-12-07,-9,52,18,606,0,14,jembrana,Jembrana,Negara,841.80,231.806,261.638,271.423,0.686 (Medium),I Putu Artha,5.0,10/41,9,247584.02935639204,5158.000611591501,4.428571428571429,0.01631612438360577,2.4758402935639205,0.2857142857142857,,2.083333333333333
21,2,TABANAN,0,0,11,8,1519,0,0,8,1551,2020-12-07,-211,249,219,1255,0,47,tabanan,Tabanan,Tabanan,839.30,376.03,420.913,435.753,0.726 (High),Ni Putu Eka Wiryastuti,10.0,-/133,8,355935.5873625655,10785.926889774712,4.428571428571429,0.010163031415897146,3.559355873625655,0.2857142857142857,,3.0303030303030303
22,3,BADUNG,0,0,4,15,2517,0,0,15,2548,2020-12-07,2,170,13,2327,0,51,badung,Badung,Mangupura,418.52,345.863,543.332,615.148,0.779 (High),I Nyoman Giri Prasta,6.0,16/46,15,414209.26346180105,8290.687769447353,6.571428571428571,0.010682678918615636,4.1420926346180105,0.2857142857142857,,2.001569858712716
23,4,DENPASAR,0,1,23,43,3952,0,0,44,4023,2020-12-07,16,183,27,3749,1,91,denpasar,Kota Denpasar,Denpasar,127.78,532.44,788.589,879.098,0.816 (Very High),Ida Bagus Rai Dharmawijaya Mantra,4.0,16/27,44,457628.15977285814,10351.519398292341,12.714285714285714,0.014462876396358215,4.576281597728581,0.14285714285714285,,2.2619935371613225
24,5,GIANYAR,0,1,11,22,1981,0,0,23,2021,2020-12-07,5,235,17,1710,1,76,gianyar,Gianyar,Gianyar,368.00,393.155,469.777,494.729,0.742 (High),I Made Agus Mahayastra,7.0,6/64,23,408506.47526221426,15361.945630840319,16.0,0.032340938170190146,4.085064752622142,0.2857142857142857,,3.76051459673429
25,6,BANGLI,0,0,3,1,825,0,0,1,886,2020-12-07,-1,7,2,844,0,35,bangli,Bangli,Bangli,490.71,193.776,215.353,222.474,0.657 (Medium),I Made Gianyar,4.0,4/68,1,398248.7841275835,15732.175445220568,14.285714285714286,0.06421296100090028,3.9824878412758347,0.2857142857142857,,3.9503386004514676
26,7,KLUNGKUNG,0,0,0,1,930,0,0,1,949,2020-12-07,-3,5,4,922,0,22,klungkung,Klungkung,Semarapura,315.00,155.262,170.543,175.573,0.683 (Medium),I Nyoman Suwirta,4.0,6/53,1,540515.9107607661,12530.400460207436,14.428571428571429,0.08217989912213967,5.405159107607662,0.2857142857142857,11172.950886482036,2.3182297154899896
27,8,KARANGASEM,0,0,0,1,1007,0,0,1,1030,2020-12-07,-1,13,2,966,0,51,karangasem,Karangasem,Amlapura,839.54,360.486,396.487,408.487,0.640 (Medium),I Gusti Ayu Mas Sumatri,8.0,3/75,1,252150.00722177204,12485.097444961528,13.285714285714286,0.03252420342805104,2.5215000722177203,0.2857142857142857,12219.679005534897,4.951456310679612
28,9,BULELENG,0,0,6,0,1185,0,0,0,1232,2020-12-07,-11,60,11,1113,0,59,buleleng,Buleleng,Singaraja,"1,364.73",558.181,624.125,645.893,0.691 (Medium),Putu Agus Suradnyana,9.0,19/129,0,190743.6680688597,9134.639948102858,12.142857142857142,0.01880010643072017,1.907436680688597,0.2857142857142857,11983.780871010347,4.788961038961039
29,10,KABUPATEN LAINNYA,0,0,31,0,13,0,0,0,49,2020-12-07,0,4,0,44,0,1,kabupaten lainnya,,,,,,,,,,,0,,,10.0,,,0.2857142857142857,,2.0408163265306123
30,1,JEMBRANA,0,0,11,2,637,0,0,2,674,2020-12-08,-9,43,11,617,0,14,jembrana,Jembrana,Negara,841.80,231.806,261.638,271.423,0.686 (Medium),I Putu Artha,5.0,10/41,2,248320.88658661942,5158.000611591501,4.0,0.014737144604547146,2.483208865866194,0.14285714285714285,,2.0771513353115725
31,2,TABANAN,0,0,11,7,1526,0,0,7,1558,2020-12-08,-58,191,65,1320,0,47,tabanan,Tabanan,Tabanan,839.30,376.03,420.913,435.753,0.726 (High),Ni Putu Eka Wiryastuti,10.0,-/133,7,357542.0020057234,10785.926889774712,1.7142857142857142,0.003934076677121475,3.5754200200572344,0.0,,3.0166880616174585
32,3,BADUNG,0,0,4,10,2527,0,0,10,2558,2020-12-08,-10,160,20,2347,0,51,badung,Badung,Mangupura,418.52,345.863,543.332,615.148,0.779 (High),I Nyoman Giri Prasta,6.0,16/46,10,415834.8885146339,8290.687769447353,3.0,0.004876875158498443,4.158348885146339,0.0,,1.99374511336982
33,4,DENPASAR,0,2,25,40,3992,0,0,42,4065,2020-12-08,22,205,20,3769,0,91,denpasar,Kota Denpasar,Denpasar,127.78,532.44,788.589,879.098,0.816 (Very High),Ida Bagus Rai Dharmawijaya Mantra,4.0,16/27,42,462405.7841105315,10351.519398292341,8.857142857142858,0.010075262208698983,4.624057841105315,0.0,,2.238622386223862
34,5,GIANYAR,0,0,11,17,1998,0,0,17,2038,2020-12-08,1,236,16,1726,0,76,gianyar,Gianyar,Gianyar,368.00,393.155,469.777,494.729,0.742 (High),I Made Agus Mahayastra,7.0,6/64,17,411942.69994279696,15361.945630840319,11.142857142857142,0.02252315336852528,4.1194269994279695,0.0,,3.729146221786065
35,6,BANGLI,0,0,3,0,825,0,0,0,886,2020-12-08,0,7,0,844,0,35,bangli,Bangli,Bangli,490.71,193.776,215.353,222.474,0.657 (Medium),I Made Gianyar,4.0,4/68,0,398248.7841275835,15732.175445220568,11.142857142857142,0.050086109580702205,3.9824878412758347,0.0,,3.9503386004514676
36,7,KLUNGKUNG,0,1,1,0,930,0,0,1,950,2020-12-08,1,6,0,922,0,22,klungkung,Klungkung,Semarapura,315.00,155.262,170.543,175.573,0.683 (Medium),I Nyoman Suwirta,4.0,6/53,1,541085.4744180483,12530.400460207436,11.285714285714286,0.06427932703612906,5.410854744180483,0.0,11172.950886482038,2.3157894736842106
37,8,KARANGASEM,0,0,0,3,1010,0,0,3,1033,2020-12-08,2,15,1,967,0,51,karangasem,Karangasem,Amlapura,839.54,360.486,396.487,408.487,0.640 (Medium),I Gusti Ayu Mas Sumatri,8.0,3/75,3,252884.4247185345,12485.097444961528,11.428571428571429,0.027977809400474014,2.528844247185345,0.0,12219.6790055349,4.937076476282671
38,9,BULELENG,0,0,6,4,1189,0,0,4,1236,2020-12-08,-2,58,6,1119,0,59,buleleng,Buleleng,Singaraja,"1,364.73",558.181,624.125,645.893,0.691 (Medium),Putu Agus Suradnyana,9.0,19/129,4,191362.9656924599,9134.639948102858,11.0,0.01703068464900533,1.913629656924599,0.0,11983.78087101035,4.773462783171521
39,10,KABUPATEN LAINNYA,0,0,31,0,13,0,0,0,49,2020-12-08,-1,3,1,45,0,1,kabupaten lainnya,,,,,,,,,,,0,,,9.571428571428571,,,0.0,,2.0408163265306123
40,1,JEMBRANA,0,2,13,16,653,0,0,18,692,2020-12-09,14,57,4,621,0,14,jembrana,Jembrana,Negara,841.80,231.806,261.638,271.423,0.686 (Medium),I Putu Artha,5.0,10/41,18,254952.60165866563,5158.000611591501,6.142857142857143,0.02263204349984026,2.5495260165866562,0.0,,2.023121387283237
41,2,TABANAN,0,-2,9,33,1559,0,0,31,1589,2020-12-09,2,193,26,1346,3,50,tabanan,Tabanan,Tabanan,839.30,376.03,420.913,435.753,0.726 (High),Ni Putu Eka Wiryastuti,10.0,-/133,31,364656.12399685144,11474.390308270971,8.142857142857142,0.01868686421632701,3.6465612399685146,0.42857142857142855,,3.146633102580239
42,3,BADUNG,0,0,4,25,2552,0,0,25,2583,2020-12-09,9,169,16,2363,0,51,badung,Badung,Mangupura,418.52,345.863,543.332,615.148,0.779 (High),I Nyoman Giri Prasta,6.0,16/46,25,419898.95114671596,8290.687769447353,11.714285714285714,0.019043036333184393,4.198989511467159,0.42857142857142855,,1.9744483159117305
43,4,DENPASAR,0,-2,23,37,4029,0,0,35,4100,2020-12-09,15,220,20,3789,0,91,denpasar,Kota Denpasar,Denpasar,127.78,532.44,788.589,879.098,0.816 (Very High),Ida Bagus Rai Dharmawijaya Mantra,4.0,16/27,35,466387.1377252593,10351.519398292341,16.571428571428573,0.018850490584017453,4.663871377252593,0.42857142857142855,,2.219512195121951
44,5,GIANYAR,0,-1,10,14,2012,0,0,13,2051,2020-12-09,-7,229,20,1746,0,76,gianyar,Gianyar,Gianyar,368.00,393.155,469.777,494.729,0.742 (High),I Made Agus Mahayastra,7.0,6/64,13,414570.40116912493,15361.945630840319,18.0,0.03638355544146391,4.145704011691249,0.42857142857142855,,3.7055095075572893
45,6,BANGLI,0,0,3,3,828,0,0,3,889,2020-12-09,0,7,3,847,0,35,bangli,Bangli,Bangli,490.71,193.776,215.353,222.474,0.657 (Medium),I Made Gianyar,4.0,4/68,3,399597.25630860234,15732.175445220568,17.857142857142858,0.08026620125112534,3.9959725630860237,0.42857142857142855,,3.937007874015748
46,7,KLUNGKUNG,0,1,2,2,932,0,0,3,953,2020-12-09,3,9,0,922,0,22,klungkung,Klungkung,Semarapura,315.00,155.262,170.543,175.573,0.683 (Medium),I Nyoman Suwirta,4.0,6/53,3,542794.1653898949,12530.400460207436,18.285714285714285,0.10414878304587998,5.427941653898948,0.42857142857142855,11271.302803410077,2.308499475341028
47,8,KARANGASEM,0,0,0,0,1010,0,0,0,1033,2020-12-09,0,15,0,967,0,51,karangasem,Karangasem,Amlapura,839.54,360.486,396.487,408.487,0.640 (Medium),I Gusti Ayu Mas Sumatri,8.0,3/75,0,252884.4247185345,12485.097444961528,15.714285714285714,0.03846948792565177,2.528844247185345,0.42857142857142855,12318.03092246294,4.937076476282671
48,9,BULELENG,0,0,6,9,1198,0,0,9,1245,2020-12-09,-1,57,8,1127,2,61,buleleng,Buleleng,Singaraja,"1,364.73",558.181,624.125,645.893,0.691 (Medium),Putu Agus Suradnyana,9.0,19/129,9,192756.38534556032,9444.288759902955,12.571428571428571,0.019463639598863235,1.9275638534556032,0.2857142857142857,12028.016415553222,4.899598393574297
49,10,KABUPATEN LAINNYA,0,0,31,0,13,0,0,0,49,2020-12-09,0,3,0,45,0,1,kabupaten lainnya,,,,,,,,,,,0,,,9.0,,,0.2857142857142857,,2.0408163265306123
50,1,JEMBRANA,0,0,13,2,655,0,0,2,694,2020-12-10,-3,54,5,626,0,14,jembrana,Jembrana,Negara,841.80,231.806,261.638,271.423,0.686 (Medium),I Putu Artha,5.0,10/41,2,255689.458888893,5158.000611591501,4.285714285714286,0.015789797790586226,2.55689458888893,0.2857142857142857,,2.0172910662824206
51,2,TABANAN,0,0,9,19,1578,0,0,19,1608,2020-12-10,-18,175,35,1381,2,52,tabanan,Tabanan,Tabanan,839.30,376.03,420.913,435.753,0.726 (High),Ni Putu Eka Wiryastuti,10.0,-/133,19,369016.3923139944,11933.36592060181,5.142857142857143,0.011802230031364427,3.690163923139944,0.5714285714285714,,3.233830845771144
52,3,BADUNG,0,0,4,26,2578,0,0,26,2609,2020-12-10,12,181,14,2377,0,51,badung,Badung,Mangupura,418.52,345.863,543.332,615.148,0.779 (High),I Nyoman Giri Prasta,6.0,16/46,26,424125.57628408127,8290.687769447353,8.428571428571429,0.013701696873876576,4.2412557628408125,0.5714285714285714,,1.9547719432732849
53,4,DENPASAR,0,2,25,27,4056,0,0,29,4129,2020-12-10,7,227,21,3810,1,92,denpasar,Kota Denpasar,Denpasar,127.78,532.44,788.589,879.098,0.816 (Very High),Ida Bagus Rai Dharmawijaya Mantra,4.0,16/27,29,469685.9735774623,10465.272358713137,12.142857142857142,0.013812859479667958,4.696859735774623,0.7142857142857143,,2.2281424073625575
54,5,GIANYAR,0,0,10,22,2034,0,0,22,2073,2020-12-10,2,231,20,1766,0,76,gianyar,Gianyar,Gianyar,368.00,393.155,469.777,494.729,0.742 (High),I Made Agus Mahayastra,7.0,6/64,22,419017.2801675261,15361.945630840319,15.285714285714286,0.030897146287592374,4.190172801675261,0.7142857142857143,,3.6661842739990353
55,6,BANGLI,0,0,3,1,829,0,0,1,890,2020-12-10,1,8,0,847,0,35,bangli,Bangli,Bangli,490.71,193.776,215.353,222.474,0.657 (Medium),I Made Gianyar,4.0,4/68,1,400046.7470356087,15732.175445220568,14.142857142857142,0.06357083139089126,4.000467470356087,0.42857142857142855,,3.932584269662921
56,7,KLUNGKUNG,0,0,2,4,936,0,0,4,957,2020-12-10,4,13,0,922,0,22,klungkung,Klungkung,Semarapura,315.00,155.262,170.543,175.573,0.683 (Medium),I Nyoman Suwirta,4.0,6/53,4,545072.4200190235,12530.400460207436,14.714285714285714,0.08380722385723154,5.450724200190234,0.42857142857142855,11353.121170946028,2.2988505747126435
57,8,KARANGASEM,0,0,0,5,1015,0,0,5,1038,2020-12-10,5,20,0,967,0,51,karangasem,Karangasem,Amlapura,839.54,360.486,396.487,408.487,0.640 (Medium),I Gusti Ayu Mas Sumatri,8.0,3/75,5,254108.4538798052,12485.097444961528,15.142857142857142,0.03707059745562807,2.541084538798052,0.42857142857142855,12399.849289998889,4.913294797687861
58,9,BULELENG,0,0,6,4,1202,0,0,4,1249,2020-12-10,-1,56,4,1131,1,62,buleleng,Buleleng,Singaraja,"1,364.73",558.181,624.125,645.893,0.691 (Medium),Putu Agus Suradnyana,9.0,19/129,4,193375.68296916052,9599.113165803004,13.0,0.020127172767006297,1.9337568296916052,0.2857142857142857,12066.384610741918,4.963971176941554
59,10,KABUPATEN LAINNYA,0,0,31,0,13,0,0,0,49,2020-12-10,0,3,0,45,0,1,kabupaten lainnya,,,,,,,,,,,0,,,9.285714285714286,,,0.2857142857142857,,2.0408163265306123
60,1,JEMBRANA,0,-1,12,4,659,0,0,3,697,2020-12-11,-5,49,7,633,1,15,jembrana,Jembrana,Negara,841.80,231.806,261.638,271.423,0.686 (Medium),I Putu Artha,5.0,10/41,3,256794.74473423403,5526.42922670518,5.571428571428571,0.020526737127762096,2.5679474473423403,0.2857142857142857,,2.1520803443328553
61,2,TABANAN,0,-1,8,22,1600,0,0,21,1629,2020-12-11,-12,163,33,1414,0,52,tabanan,Tabanan,Tabanan,839.30,376.03,420.913,435.753,0.726 (High),Ni Putu Eka Wiryastuti,10.0,-/133,21,373835.6362434682,11933.36592060181,5.428571428571429,0.01245790947755134,3.7383563624346823,0.2857142857142857,,3.192142418661756
62,3,BADUNG,0,1,5,28,2606,0,0,29,2638,2020-12-11,16,197,13,2390,0,51,badung,Badung,Mangupura,418.52,345.863,543.332,615.148,0.779 (High),I Nyoman Giri Prasta,6.0,16/46,29,428839.88893729635,8290.687769447353,9.428571428571429,0.015327321926709391,4.288398889372964,0.2857142857142857,,1.9332827899924183
63,4,DENPASAR,0,-2,23,34,4090,0,0,32,4161,2020-12-11,-2,225,31,3841,3,95,denpasar,Kota Denpasar,Denpasar,127.78,532.44,788.589,879.098,0.816 (Very High),Ida Bagus Rai Dharmawijaya Mantra,4.0,16/27,32,473326.06831092783,10806.53123997552,13.428571428571429,0.015275397542221037,4.733260683109278,0.7142857142857143,,2.28310502283105
64,5,GIANYAR,0,1,11,9,2043,0,0,10,2083,2020-12-11,-5,226,15,1781,0,76,gianyar,Gianyar,Gianyar,368.00,393.155,469.777,494.729,0.742 (High),I Made Agus Mahayastra,7.0,6/64,10,421038.5888031629,15361.945630840319,14.142857142857142,0.028587079275435932,4.210385888031629,0.7142857142857143,,3.648583773403745
65,6,BANGLI,0,0,3,1,830,0,0,1,891,2020-12-11,0,8,1,848,0,35,bangli,Bangli,Bangli,490.71,193.776,215.353,222.474,0.657 (Medium),I Made Gianyar,4.0,4/68,1,400496.23776261497,15732.175445220568,13.714285714285714,0.06164444256086425,4.00496237762615,0.5714285714285714,,3.928170594837262
66,7,KLUNGKUNG,0,-1,1,1,937,0,0,0,957,2020-12-11,-2,11,2,924,0,22,klungkung,Klungkung,Semarapura,315.00,155.262,170.543,175.573,0.683 (Medium),I Nyoman Suwirta,4.0,6/53,0,545072.4200190235,12530.400460207436,13.714285714285714,0.07811158728440998,5.450724200190234,0.5714285714285714,11454.505098999753,2.2988505747126435
67,8,KARANGASEM,0,0,0,2,1017,0,0,2,1040,2020-12-11,-6,14,8,975,0,51,karangasem,Karangasem,Amlapura,839.54,360.486,396.487,408.487,0.640 (Medium),I Gusti Ayu Mas Sumatri,8.0,3/75,2,254598.0655443135,12485.097444961528,13.571428571428571,0.03322364866306289,2.545980655443135,0.42857142857142855,12448.60055875066,4.903846153846154
68,9,BULELENG,0,1,7,11,1213,0,0,12,1261,2020-12-11,6,62,6,1137,0,62,buleleng,Buleleng,Singaraja,"1,364.73",558.181,624.125,645.893,0.691 (Medium),Putu Agus Suradnyana,9.0,19/129,12,195233.5758399611,9599.113165803004,12.285714285714286,0.019021284153434525,1.952335758399611,0.42857142857142855,12115.135879493688,4.9167327517842985
69,10,KABUPATEN LAINNYA,0,0,31,0,13,0,0,0,49,2020-12-11,0,3,0,45,0,1,kabupaten lainnya,,,,,,,,,,,0,,,8.142857142857142,,,0.42857142857142855,,2.0408163265306123
70,1,JEMBRANA,0,0,12,7,666,0,0,7,704,2020-12-12,-6,43,13,646,0,15,jembrana,Jembrana,Negara,841.80,231.806,261.638,271.423,0.686 (Medium),I Putu Artha,5.0,10/41,7,259373.74504002975,5526.42922670518,4.571428571428571,0.01684245097662531,2.5937374504002975,0.0,,2.130681818181818
71,2,TABANAN,0,0,8,5,1605,0,0,5,1634,2020-12-12,-7,156,11,1425,1,53,tabanan,Tabanan,Tabanan,839.30,376.03,420.913,435.753,0.726 (High),Ni Putu Eka Wiryastuti,10.0,-/133,5,374983.0752742953,12162.85372676723,3.857142857142857,0.00885167252352332,3.749830752742953,0.14285714285714285,,3.243574051407589
72,3,BADUNG,0,0,5,10,2616,0,0,10,2648,2020-12-12,28,225,7,2397,1,52,badung,Badung,Mangupura,418.52,345.863,543.332,615.148,0.779 (High),I Nyoman Giri Prasta,6.0,16/46,10,430465.51399012917,8453.250274730633,5.142857142857143,0.008360357414568758,4.304655139901292,0.2857142857142857,,1.9637462235649545
73,4,DENPASAR,0,1,24,19,4109,0,0,20,4181,2020-12-12,0,225,20,3861,0,95,denpasar,Kota Denpasar,Denpasar,127.78,532.44,788.589,879.098,0.816 (Very High),Ida Bagus Rai Dharmawijaya Mantra,4.0,16/27,20,475601.1275193437,10806.53123997552,8.0,0.009100236833663596,4.756011275193437,0.2857142857142857,,2.2721836881128916
74,5,GIANYAR,0,0,11,8,2051,0,0,8,2091,2020-12-12,-23,203,31,1812,0,76,gianyar,Gianyar,Gianyar,368.00,393.155,469.777,494.729,0.742 (High),I Made Agus Mahayastra,7.0,6/64,8,422655.6357116725,15361.945630840319,8.857142857142858,0.017903019344212404,4.226556357116725,0.2857142857142857,,3.634624581539933
75,6,BANGLI,0,0,3,10,840,0,0,10,901,2020-12-12,0,16,2,850,0,35,bangli,Bangli,Bangli,490.71,193.776,215.353,222.474,0.657 (Medium),I Made Gianyar,4.0,4/68,10,404991.14503267803,15732.175445220568,8.571428571428571,0.03852777660054016,4.04991145032678,0.2857142857142857,,3.884572697003329
76,7,KLUNGKUNG,0,0,1,2,939,0,0,2,959,2020-12-12,2,13,0,924,0,22,klungkung,Klungkung,Semarapura,315.00,155.262,170.543,175.573,0.683 (Medium),I Nyoman Suwirta,4.0,6/53,2,546211.5473335877,12530.400460207436,8.857142857142858,0.05044706678784812,5.462115473335877,0.2857142857142857,11510.512286349567,2.2940563086548487
77,8,KARANGASEM,0,0,0,0,1017,0,0,0,1040,2020-12-12,-2,12,2,977,0,51,karangasem,Karangasem,Amlapura,839.54,360.486,396.487,408.487,0.640 (Medium),I Gusti Ayu Mas Sumatri,8.0,3/75,0,254598.0655443135,12485.097444961528,7.857142857142857,0.019234743962825884,2.545980655443135,0.2857142857142857,12504.607746100475,4.903846153846154
78,9,BULELENG,0,0,7,9,1222,0,0,9,1270,2020-12-12,0,62,9,1146,0,62,buleleng,Buleleng,Singaraja,"1,364.73",558.181,624.125,645.893,0.691 (Medium),Putu Agus Suradnyana,9.0,19/129,9,196626.99549306152,9599.113165803004,8.428571428571429,0.013049485640146942,1.9662699549306153,0.14285714285714285,12138.359094534157,4.881889763779528
79,10,KABUPATEN LAINNYA,0,0,31,0,13,0,0,0,49,2020-12-12,0,3,0,45,0,1,kabupaten lainnya,,,,,,,,,,,0,,,7.0,,,0.0,,2.0408163265306123
80,1,JEMBRANA,0,1,13,5,671,0,0,6,710,2020-12-13,6,49,0,646,0,15,jembrana,Jembrana,Negara,841.80,231.806,261.638,271.423,0.686 (Medium),I Putu Artha,5.0,10/41,6,261584.31673071184,5526.42922670518,5.0,0.01842143075568393,2.6158431673071183,0.0,,2.112676056338028
81,2,TABANAN,0,0,8,13,1618,0,0,13,1647,2020-12-13,-1,155,13,1438,1,54,tabanan,Tabanan,Tabanan,839.30,376.03,420.913,435.753,0.726 (High),Ni Putu Eka Wiryastuti,10.0,-/133,13,377966.41675444576,12392.341532932647,5.714285714285714,0.013113588923738251,3.7796641675444578,0.14285714285714285,,3.278688524590164
82,3,BADUNG,0,0,5,20,2636,0,0,20,2668,2020-12-13,5,204,15,2412,0,52,badung,Badung,Mangupura,418.52,345.863,543.332,615.148,0.779 (High),I Nyoman Giri Prasta,6.0,16/46,20,433716.7640957948,8453.250274730633,7.142857142857143,0.011611607520234388,4.337167640957948,0.14285714285714285,,1.9490254872563717
83,4,DENPASAR,0,2,26,2,4111,0,0,4,4185,2020-12-13,-11,214,15,3876,0,95,denpasar,Kota Denpasar,Denpasar,127.78,532.44,788.589,879.098,0.816 (Very High),Ida Bagus Rai Dharmawijaya Mantra,4.0,16/27,4,476056.1393610269,10806.53123997552,7.428571428571429,0.00845021991697334,4.760561393610269,0.14285714285714285,,2.2700119474313025
84,5,GIANYAR,0,2,13,17,2068,0,0,19,2110,2020-12-13,3,206,16,1828,0,76,gianyar,Gianyar,Gianyar,368.00,393.155,469.777,494.729,0.742 (High),I Made Agus Mahayastra,7.0,6/64,19,426496.12211938255,15361.945630840319,10.142857142857142,0.020501844732888394,4.2649612211938255,0.14285714285714285,,3.6018957345971563
85,6,BANGLI,0,0,3,1,841,0,0,1,902,2020-12-13,1,17,0,850,0,35,bangli,Bangli,Bangli,490.71,193.776,215.353,222.474,0.657 (Medium),I Made Gianyar,4.0,4/68,1,405440.6357596843,15732.175445220568,9.0,0.04045416543056717,4.054406357596843,0.14285714285714285,,3.8802660753880267
86,7,KLUNGKUNG,0,1,2,2,941,0,0,3,962,2020-12-13,2,15,1,925,0,22,klungkung,Klungkung,Semarapura,315.00,155.262,170.543,175.573,0.683 (Medium),I Nyoman Suwirta,4.0,6/53,3,547920.2383054342,12530.400460207436,9.428571428571429,0.05370171625803186,5.479202383054342,0.14285714285714285,11543.296258658915,2.2869022869022873
87,8,KARANGASEM,0,0,0,1,1018,0,0,1,1041,2020-12-13,0,12,1,978,0,51,karangasem,Karangasem,Amlapura,839.54,360.486,396.487,408.487,0.640 (Medium),I Gusti Ayu Mas Sumatri,8.0,3/75,1,254842.87137656767,12485.097444961528,8.714285714285714,0.021333079667861434,2.5484287137656767,0.14285714285714285,12537.391718409823,4.899135446685879
88,9,BULELENG,0,0,7,6,1228,0,0,6,1276,2020-12-13,2,64,3,1149,1,63,buleleng,Buleleng,Singaraja,"1,364.73",558.181,624.125,645.893,0.691 (Medium),Putu Agus Suradnyana,9.0,19/129,6,197555.94192846183,9753.937571703053,7.714285714285714,0.011943597026575166,1.9755594192846182,0.14285714285714285,12160.476866805593,4.93730407523511
89,10,KABUPATEN LAINNYA,0,0,31,0,13,0,0,0,49,2020-12-13,0,3,0,45,0,1,kabupaten lainnya,,,,,,,,,,,0,,,4.857142857142857,,,0.14285714285714285,,2.0408163265306123
90,1,JEMBRANA,0,0,13,0,671,0,0,0,710,2020-12-14,-10,39,10,656,0,15,jembrana,Jembrana,Negara,841.80,231.806,261.638,271.423,0.686 (Medium),I Putu Artha,5.0,10/41,0,261584.31673071184,5526.42922670518,4.285714285714286,0.015789797790586226,2.6158431673071183,0.14285714285714285,,2.112676056338028
91,2,TABANAN,0,0,8,6,1624,0,0,6,1653,2020-12-14,-20,135,26,1464,0,54,tabanan,Tabanan,Tabanan,839.30,376.03,420.913,435.753,0.726 (High),Ni Putu Eka Wiryastuti,10.0,-/133,6,379343.34359143826,12392.341532932647,2.4285714285714284,0.005573275292588757,3.7934334359143826,0.14285714285714285,,3.2667876588021776
92,3,BADUNG,0,0,5,27,2663,0,0,27,2695,2020-12-14,11,215,16,2428,0,52,badung,Badung,Mangupura,418.52,345.863,543.332,615.148,0.779 (High),I Nyoman Giri Prasta,6.0,16/46,27,438105.95173844346,8453.250274730633,6.142857142857143,0.009985982467401573,4.381059517384434,0.14285714285714285,,1.9294990723562153
93,4,DENPASAR,0,2,28,18,4129,0,0,20,4205,2020-12-14,-17,197,37,3913,0,95,denpasar,Kota Denpasar,Denpasar,127.78,532.44,788.589,879.098,0.816 (Very High),Ida Bagus Rai Dharmawijaya Mantra,4.0,16/27,20,478331.1985694428,10806.53123997552,8.571428571428571,0.009750253750353852,4.783311985694428,0.14285714285714285,,2.2592152199762188
94,5,GIANYAR,0,0,13,17,2085,0,0,17,2127,2020-12-14,16,222,1,1829,0,76,gianyar,Gianyar,Gianyar,368.00,393.155,469.777,494.729,0.742 (High),I Made Agus Mahayastra,7.0,6/64,17,429932.34679996525,15361.945630840319,10.857142857142858,0.02194563661548617,4.299323467999653,0.14285714285714285,,3.5731076633756462
95,6,BANGLI,0,0,3,2,843,0,0,2,904,2020-12-14,0,17,2,852,0,35,bangli,Bangli,Bangli,490.71,193.776,215.353,222.474,0.657 (Medium),I Made Gianyar,4.0,4/68,2,406339.6172136969,15732.175445220568,10.285714285714286,0.0462333319206482,4.063396172136969,0.0,,3.8716814159292032
96,7,KLUNGKUNG,0,0,2,3,944,0,0,3,965,2020-12-14,1,16,2,927,0,22,klungkung,Klungkung,Semarapura,315.00,155.262,170.543,175.573,0.683 (Medium),I Nyoman Suwirta,4.0,6/53,3,549628.9292772807,12530.400460207436,10.714285714285714,0.0610246775659453,5.496289292772807,0.0,11543.296258658916,2.2797927461139897
97,8,KARANGASEM,0,0,0,2,1020,0,0,2,1043,2020-12-14,1,13,1,979,0,51,karangasem,Karangasem,Amlapura,839.54,360.486,396.487,408.487,0.640 (Medium),I Gusti Ayu Mas Sumatri,8.0,3/75,2,255332.48304107596,12485.097444961528,11.0,0.026928641547956236,2.5533248304107596,0.0,12537.391718409825,4.88974113135187
98,9,BULELENG,0,0,7,0,1228,0,0,0,1276,2020-12-14,-7,57,7,1156,0,63,buleleng,Buleleng,Singaraja,"1,364.73",558.181,624.125,645.893,0.691 (Medium),Putu Agus Suradnyana,9.0,19/129,0,197555.94192846183,9753.937571703053,10.142857142857142,0.0157036183127192,1.9755594192846182,0.0,12160.476866805595,4.93730407523511
99,10,KABUPATEN LAINNYA,0,0,31,0,13,0,0,0,49,2020-12-14,0,3,0,45,0,1,kabupaten lainnya,,,,,,,,,,,0,,,6.285714285714286,,,0.0,,2.0408163265306123
100,1,JEMBRANA,0,0,13,0,671,0,0,0,710,2020-12-15,-3,36,3,659,0,15,jembrana,Jembrana,Negara,841.80,231.806,261.638,271.423,0.686 (Medium),I Putu Artha,5.0,10/41,0,261584.31673071184,5526.42922670518,3.4285714285714284,0.012631838232468981,2.6158431673071183,0.0,,2.112676056338028
101,2,TABANAN,0,0,8,10,1634,0,0,10,1663,2020-12-15,-16,119,26,1490,0,54,tabanan,Tabanan,Tabanan,839.30,376.03,420.913,435.753,0.726 (High),Ni Putu Eka Wiryastuti,10.0,-/133,10,381638.2216530925,12392.341532932647,2.4285714285714284,0.005573275292588757,3.8163822165309247,0.0,,3.2471437161755863
102,3,BADUNG,0,0,5,21,2684,0,0,21,2716,2020-12-15,2,217,18,2446,1,53,badung,Badung,Mangupura,418.52,345.863,543.332,615.148,0.779 (High),I Nyoman Giri Prasta,6.0,16/46,21,441519.7643493923,8615.812780013915,5.142857142857143,0.008360357414568758,4.415197643493923,0.14285714285714285,,1.95139911634757
103,4,DENPASAR,0,0,28,20,4149,0,0,20,4225,2020-12-15,2,199,17,3930,1,96,denpasar,Kota Denpasar,Denpasar,127.78,532.44,788.589,879.098,0.816 (Very High),Ida Bagus Rai Dharmawijaya Mantra,4.0,16/27,20,480606.25777785864,10920.284200396316,7.571428571428571,0.008612724146145903,4.806062577778587,0.2857142857142857,,2.272189349112426
104,5,GIANYAR,0,0,13,5,2090,0,0,5,2132,2020-12-15,3,225,1,1830,1,77,gianyar,Gianyar,Gianyar,368.00,393.155,469.777,494.729,0.742 (High),I Made Agus Mahayastra,7.0,6/64,5,430943.0011177837,15564.076494404007,8.0,0.016170469085095073,4.309430011177837,0.42857142857142855,,3.6116322701688555
105,6,BANGLI,0,0,3,2,845,0,0,2,906,2020-12-15,1,18,0,852,1,36,bangli,Bangli,Bangli,490.71,193.776,215.353,222.474,0.657 (Medium),I Made Gianyar,4.0,4/68,2,407238.5986677095,16181.66617222687,8.285714285714286,0.03724351738052216,4.072385986677095,0.5714285714285714,,3.9735099337748347
106,7,KLUNGKUNG,0,0,2,0,944,0,0,0,965,2020-12-15,0,16,0,927,0,22,klungkung,Klungkung,Semarapura,315.00,155.262,170.543,175.573,0.683 (Medium),I Nyoman Suwirta,4.0,6/53,0,549628.9292772807,12530.400460207436,8.285714285714286,0.04719241731766437,5.496289292772807,0.5714285714285714,11675.858695269502,2.2797927461139897
107,8,KARANGASEM,0,0,0,0,1020,0,0,0,1043,2020-12-15,0,13,0,979,0,51,karangasem,Karangasem,Amlapura,839.54,360.486,396.487,408.487,0.640 (Medium),I Gusti Ayu Mas Sumatri,8.0,3/75,0,255332.48304107596,12485.097444961528,8.285714285714286,0.020283911815343662,2.5533248304107596,0.5714285714285714,12669.95415502041,4.88974113135187
108,9,BULELENG,0,1,8,15,1243,0,0,16,1292,2020-12-15,8,65,7,1163,1,64,buleleng,Buleleng,Singaraja,"1,364.73",558.181,624.125,645.893,0.691 (Medium),Putu Agus Suradnyana,9.0,19/129,16,200033.13242286257,9908.7619776031,9.142857142857142,0.014155374253718715,2.000331324228626,0.7142857142857143,12315.157075687617,4.953560371517028
109,10,KABUPATEN LAINNYA,0,0,31,0,13,0,0,0,49,2020-12-15,0,3,0,45,0,1,kabupaten lainnya,,,,,,,,,,,0,,,6.142857142857143,,,0.5714285714285714,,2.0408163265306123
110,1,JEMBRANA,0,0,13,0,671,0,0,0,710,2020-12-16,0,36,3,659,0,15,jembrana,Jembrana,Negara,841.80,231.806,261.638,271.423,0.686 (Medium),I Putu Artha,5.0,10/41,0,261584.31673071184,5526.42922670518,3.2857142857142856,0.01210551163944944,2.6158431673071183,0.42857142857142855,,2.112676056338028
111,2,TABANAN,0,0,8,10,1634,0,0,10,1663,2020-12-16,-16,119,26,1490,0,54,tabanan,Tabanan,Tabanan,839.30,376.03,420.913,435.753,0.726 (High),Ni Putu Eka Wiryastuti,10.0,-/133,10,381638.2216530925,12392.341532932647,4.0,0.009179512246616776,3.8163822165309247,0.2857142857142857,,3.2471437161755863
112,3,BADUNG,0,0,5,21,2684,0,0,21,2716,2020-12-16,2,217,18,2446,1,53,badung,Badung,Mangupura,418.52,345.863,543.332,615.148,0.779 (High),I Nyoman Giri Prasta,6.0,16/46,21,441519.7643493923,8615.812780013915,6.714285714285714,0.010914911069020324,4.415197643493923,0.2857142857142857,,1.95139911634757
113,4,DENPASAR,0,0,28,20,4149,0,0,20,4225,2020-12-16,2,199,17,3930,1,96,denpasar,Kota Denpasar,Denpasar,127.78,532.44,788.589,879.098,0.816 (Very High),Ida Bagus Rai Dharmawijaya Mantra,4.0,16/27,20,480606.25777785864,10920.284200396316,9.571428571428571,0.010887783354561803,4.806062577778587,0.42857142857142855,,2.272189349112426
114,5,GIANYAR,0,0,13,5,2090,0,0,5,2132,2020-12-16,3,225,1,1830,1,77,gianyar,Gianyar,Gianyar,368.00,393.155,469.777,494.729,0.742 (High),I Made Agus Mahayastra,7.0,6/64,5,430943.0011177837,15564.076494404007,10.285714285714286,0.020790603109407953,4.309430011177837,0.5714285714285714,,3.6116322701688555
115,6,BANGLI,0,0,3,2,845,0,0,2,906,2020-12-16,1,18,0,852,1,36,bangli,Bangli,Bangli,490.71,193.776,215.353,222.474,0.657 (Medium),I Made Gianyar,4.0,4/68,2,407238.5986677095,16181.66617222687,8.285714285714286,0.03724351738052216,4.072385986677095,0.5714285714285714,,3.9735099337748347
116,7,KLUNGKUNG,0,0,2,0,944,0,0,0,965,2020-12-16,0,16,0,927,0,22,klungkung,Klungkung,Semarapura,315.00,155.262,170.543,175.573,0.683 (Medium),I Nyoman Suwirta,4.0,6/53,0,549628.9292772807,12530.400460207436,8.285714285714286,0.04719241731766437,5.496289292772807,0.5714285714285714,11675.858695269502,2.2797927461139897
117,8,KARANGASEM,0,0,0,0,1020,0,0,0,1043,2020-12-16,0,13,0,979,0,51,karangasem,Karangasem,Amlapura,839.54,360.486,396.487,408.487,0.640 (Medium),I Gusti Ayu Mas Sumatri,8.0,3/75,0,255332.48304107596,12485.097444961528,8.285714285714286,0.020283911815343662,2.5533248304107596,0.5714285714285714,12669.95415502041,4.88974113135187
118,9,BULELENG,0,1,8,15,1243,0,0,16,1292,2020-12-16,8,65,7,1163,1,64,buleleng,Buleleng,Singaraja,"1,364.73",558.181,624.125,645.893,0.691 (Medium),Putu Agus Suradnyana,9.0,19/129,16,200033.13242286257,9908.7619776031,9.142857142857142,0.014155374253718715,2.000331324228626,0.7142857142857143,12315.157075687617,4.953560371517028
119,10,KABUPATEN LAINNYA,0,0,31,0,13,0,0,0,49,2020-12-16,0,3,0,45,0,1,kabupaten lainnya,,,,,,,,,,,0,,,6.142857142857143,,,0.5714285714285714,,2.0408163265306123
120,1,JEMBRANA,0,1,16,9,699,0,0,10,741,2020-12-17,-5,52,15,674,0,15,jembrana,Jembrana,Negara,841.80,231.806,261.638,271.423,0.686 (Medium),I Putu Artha,5.0,10/41,10,273005.6037992359,5526.42922670518,4.714285714285714,0.01736877756964485,2.730056037992359,0.42857142857142855,,2.0242914979757085
121,2,TABANAN,0,0,9,32,1700,0,0,32,1730,2020-12-17,4,137,27,1538,1,55,tabanan,Tabanan,Tabanan,839.30,376.03,420.913,435.753,0.726 (High),Ni Putu Eka Wiryastuti,10.0,-/133,32,397013.9046661756,12621.829339098067,8.571428571428571,0.019670383385607376,3.970139046661756,0.42857142857142855,,3.1791907514450863
122,3,BADUNG,0,1,6,23,2746,0,0,24,2779,2020-12-17,7,236,17,2489,0,54,badung,Badung,Mangupura,418.52,345.863,543.332,615.148,0.779 (High),I Nyoman Giri Prasta,6.0,16/46,24,451761.2021822391,8778.375285297196,11.714285714285714,0.019043036333184393,4.517612021822391,0.2857142857142857,,1.9431450161928752
123,4,DENPASAR,0,3,31,45,4212,0,0,48,4291,2020-12-17,22,182,26,4012,0,97,denpasar,Kota Denpasar,Denpasar,127.78,532.44,788.589,879.098,0.816 (Very High),Ida Bagus Rai Dharmawijaya Mantra,4.0,16/27,48,488113.9531656312,11034.03716081711,18.571428571428573,0.021125549792433352,4.881139531656312,0.2857142857142857,,2.2605453274295035
124,5,GIANYAR,0,0,15,7,2116,0,0,7,2160,2020-12-17,-3,208,10,1875,0,77,gianyar,Gianyar,Gianyar,368.00,393.155,469.777,494.729,0.742 (High),I Made Agus Mahayastra,7.0,6/64,7,436602.665297567,15564.076494404007,19.571428571428573,0.03955989758317902,4.36602665297567,0.2857142857142857,,3.564814814814815
125,6,BANGLI,0,1,4,7,852,0,0,8,914,2020-12-17,4,22,3,855,1,37,bangli,Bangli,Bangli,490.71,193.776,215.353,222.474,0.657 (Medium),I Made Gianyar,4.0,4/68,8,410834.5244837599,16631.15689923317,18.428571428571427,0.08283471969116134,4.108345244837599,0.2857142857142857,,4.048140043763676
126,7,KLUNGKUNG,0,0,2,0,945,0,0,0,966,2020-12-17,-1,16,1,928,0,22,klungkung,Klungkung,Semarapura,315.00,155.262,170.543,175.573,0.683 (Medium),I Nyoman Suwirta,4.0,6/53,0,550198.4929345628,12530.400460207436,18.428571428571427,0.1049624454134259,5.501984929345628,0.2857142857142857,11812.329266537472,2.2774327122153206
127,8,KARANGASEM,0,0,0,0,1020,0,0,0,1043,2020-12-17,-1,11,1,981,0,51,karangasem,Karangasem,Amlapura,839.54,360.486,396.487,408.487,0.640 (Medium),I Gusti Ayu Mas Sumatri,8.0,3/75,0,255332.48304107596,12485.097444961528,17.0,0.04161699148320509,2.5533248304107596,0.2857142857142857,12806.424726288378,4.88974113135187
128,9,BULELENG,0,1,9,2,1255,0,0,3,1305,2020-12-17,2,70,1,1171,0,64,buleleng,Buleleng,Singaraja,"1,364.73",558.181,624.125,645.893,0.691 (Medium),Putu Agus Suradnyana,9.0,19/129,3,202045.84969956323,9908.7619776031,12.857142857142858,0.019905995044291944,2.0204584969956323,0.14285714285714285,12418.843674646241,4.904214559386974
129,10,KABUPATEN LAINNYA,0,0,31,0,13,0,0,0,49,2020-12-17,0,3,0,45,0,1,kabupaten lainnya,,,,,,,,,,,0,,,9.428571428571429,,,0.14285714285714285,,2.0408163265306123
130,1,JEMBRANA,0,0,16,15,714,0,0,15,756,2020-12-18,14,66,1,675,0,15,jembrana,Jembrana,Negara,841.80,231.806,261.638,271.423,0.686 (Medium),I Putu Artha,5.0,10/41,15,278532.03302594105,5526.42922670518,4.714285714285714,0.01736877756964485,2.7853203302594105,0.14285714285714285,,1.984126984126984
131,2,TABANAN,0,0,9,20,1720,0,0,20,1750,2020-12-18,7,144,10,1548,3,58,tabanan,Tabanan,Tabanan,839.30,376.03,420.913,435.753,0.726 (High),Ni Putu Eka Wiryastuti,10.0,-/133,20,401603.660789484,13310.292757594325,6.571428571428571,0.015080627262298989,4.01603660789484,0.5714285714285714,,3.314285714285714
132,3,BADUNG,0,0,6,24,2770,0,0,24,2803,2020-12-18,0,236,23,2512,1,55,badung,Badung,Mangupura,418.52,345.863,543.332,615.148,0.779 (High),I Nyoman Giri Prasta,6.0,16/46,24,455662.70230903785,8940.937790580478,8.857142857142858,0.01439839332509064,4.556627023090378,0.5714285714285714,,1.962183374955405
133,4,DENPASAR,0,1,32,33,4245,0,0,34,4325,2020-12-18,6,188,28,4040,0,97,denpasar,Kota Denpasar,Denpasar,127.78,532.44,788.589,879.098,0.816 (Very High),Ida Bagus Rai Dharmawijaya Mantra,4.0,16/27,34,491981.55381993816,11034.03716081711,13.714285714285714,0.015600406000566164,4.919815538199382,0.5714285714285714,,2.2427745664739884
134,5,GIANYAR,0,1,16,15,2131,0,0,16,2176,2020-12-18,6,214,10,1885,0,77,gianyar,Gianyar,Gianyar,368.00,393.155,469.777,494.729,0.742 (High),I Made Agus Mahayastra,7.0,6/64,16,439836.759114586,15564.076494404007,16.0,0.032340938170190146,4.39836759114586,0.5714285714285714,,3.5386029411764706
135,6,BANGLI,0,0,4,1,853,0,0,1,915,2020-12-18,0,22,1,856,0,37,bangli,Bangli,Bangli,490.71,193.776,215.353,222.474,0.657 (Medium),I Made Gianyar,4.0,4/68,1,411284.01521076617,16631.15689923317,15.714285714285714,0.07063425710099029,4.112840152107662,0.5714285714285714,,4.043715846994536
136,7,KLUNGKUNG,0,0,2,5,950,0,0,5,971,2020-12-18,4,20,1,929,0,22,klungkung,Klungkung,Semarapura,315.00,155.262,170.543,175.573,0.683 (Medium),I Nyoman Suwirta,4.0,6/53,5,553046.3112209736,12530.400460207436,16.428571428571427,0.09357117226778278,5.530463112209736,0.5714285714285714,11933.904398505974,2.265705458290422
137,8,KARANGASEM,0,0,0,0,1020,0,0,0,1043,2020-12-18,-1,10,1,982,0,51,karangasem,Karangasem,Amlapura,839.54,360.486,396.487,408.487,0.640 (Medium),I Gusti Ayu Mas Sumatri,8.0,3/75,0,255332.48304107596,12485.097444961528,14.285714285714286,0.034972261750592516,2.5533248304107596,0.5714285714285714,12927.999858256882,4.88974113135187
138,9,BULELENG,0,0,9,6,1261,0,0,6,1311,2020-12-18,4,74,2,1173,0,64,buleleng,Buleleng,Singaraja,"1,364.73",558.181,624.125,645.893,0.691 (Medium),Putu Agus Suradnyana,9.0,19/129,6,202974.79613496354,9908.7619776031,12.285714285714286,0.019021284153434525,2.0297479613496354,0.14285714285714285,12442.06688968671,4.881769641495042
139,10,KABUPATEN LAINNYA,0,0,31,0,13,0,0,0,49,2020-12-18,0,3,0,45,0,1,kabupaten lainnya,,,,,,,,,,,0,,,8.857142857142858,,,0.0,,2.0408163265306123
140,1,JEMBRANA,0,0,16,2,716,0,0,2,758,2020-12-19,2,68,0,675,0,15,jembrana,Jembrana,Negara,841.80,231.806,261.638,271.423,0.686 (Medium),I Putu Artha,5.0,10/41,2,279268.89025616844,5526.42922670518,4.285714285714286,0.015789797790586226,2.792688902561684,0.0,,1.978891820580475
141,2,TABANAN,0,0,9,24,1744,0,0,24,1774,2020-12-19,-4,140,28,1576,0,58,tabanan,Tabanan,Tabanan,839.30,376.03,420.913,435.753,0.726 (High),Ni Putu Eka Wiryastuti,10.0,-/133,24,407111.36813745403,13310.292757594325,5.428571428571429,0.01245790947755134,4.07111368137454,0.0,,3.269447576099211
142,3,BADUNG,0,1,7,22,2792,0,0,23,2826,2020-12-19,1,237,22,2534,0,55,badung,Badung,Mangupura,418.52,345.863,543.332,615.148,0.779 (High),I Nyoman Giri Prasta,6.0,16/46,23,459401.63993055327,8940.937790580478,8.571428571428571,0.013933929024281264,4.5940163993055325,0.0,,1.9462137296532203
143,4,DENPASAR,0,1,33,23,4268,0,0,24,4349,2020-12-19,9,197,14,4054,1,98,denpasar,Kota Denpasar,Denpasar,127.78,532.44,788.589,879.098,0.816 (Very High),Ida Bagus Rai Dharmawijaya Mantra,4.0,16/27,24,494711.62487003725,11147.790121237906,11.285714285714286,0.012837834104632575,4.947116248700373,0.14285714285714285,,2.2533915842722467
144,5,GIANYAR,0,0,16,14,2145,0,0,14,2190,2020-12-19,7,221,7,1892,0,77,gianyar,Gianyar,Gianyar,368.00,393.155,469.777,494.729,0.742 (High),I Made Agus Mahayastra,7.0,6/64,14,442666.59120447765,15564.076494404007,13.285714285714286,0.026854529016318605,4.426665912044776,0.14285714285714285,,3.515981735159817
145,6,BANGLI,0,0,4,2,855,0,0,2,917,2020-12-19,-1,21,3,859,0,37,bangli,Bangli,Bangli,490.71,193.776,215.353,222.474,0.657 (Medium),I Made Gianyar,4.0,4/68,2,412182.99666477885,16631.15689923317,12.714285714285714,0.05714953529080124,4.1218299666477884,0.14285714285714285,,4.0348964013086155
146,7,KLUNGKUNG,0,0,2,2,952,0,0,2,973,2020-12-19,-1,19,3,932,0,22,klungkung,Klungkung,Semarapura,315.00,155.262,170.543,175.573,0.683 (Medium),I Nyoman Suwirta,4.0,6/53,2,554185.4385355379,12530.400460207436,13.0,0.0740432754466803,5.541854385355379,0.14285714285714285,11950.154821423232,2.2610483042137717
147,8,KARANGASEM,0,0,0,1,1021,0,0,1,1044,2020-12-19,1,11,0,982,0,51,karangasem,Karangasem,Amlapura,839.54,360.486,396.487,408.487,0.640 (Medium),I Gusti Ayu Mas Sumatri,8.0,3/75,1,255577.28887333008,12485.097444961528,12.857142857142858,0.031475035575533265,2.555772888733301,0.14285714285714285,12944.25028117414,4.885057471264368
148,9,BULELENG,0,1,10,3,1264,0,0,4,1315,2020-12-19,-4,70,8,1181,0,64,buleleng,Buleleng,Singaraja,"1,364.73",558.181,624.125,645.893,0.691 (Medium),Putu Agus Suradnyana,9.0,19/129,4,203594.09375856371,9908.7619776031,10.0,0.015482440590004845,2.035940937585637,0.14285714285714285,12458.317312603966,4.866920152091255
149,10,KABUPATEN LAINNYA,0,0,31,0,13,0,0,0,49,2020-12-19,0,3,0,45,0,1,kabupaten lainnya,,,,,,,,,,,0,,,6.714285714285714,,,0.14285714285714285,,2.0408163265306123
150,1,JEMBRANA,0,1,17,28,744,0,0,1,787,2020-12-20,22,88,7,682,29,17,jembrana,Jembrana,Negara,841.80,231.806,261.638,271.423,0.686 (Medium),I Putu Artha,5.0,10/41,1,289953.3200944651,6263.2864569325375,3.4285714285714284,0.012631838232468981,2.899533200944651,4.142857142857143,,2.1601016518424396
151,2,TABANAN,0,0,9,16,1790,0,0,16,1790,2020-12-20,21,121,33,1609,2,60,tabanan,Tabanan,Tabanan,839.30,376.03,420.913,435.753,0.726 (High),Ni Putu Eka Wiryastuti,10.0,-/133,16,410783.17303610075,13769.268369925165,3.7142857142857144,0.008523832800429863,4.107831730361007,4.428571428571429,,3.35195530726257
152,3,BADUNG,0,0,7,26,2818,0,0,26,2852,2020-12-20,6,243,20,2554,0,55,badung,Badung,Mangupura,418.52,345.863,543.332,615.148,0.779 (High),I Nyoman Giri Prasta,6.0,16/46,26,463628.2650679186,8940.937790580478,7.142857142857143,0.011611607520234388,4.636282650679186,4.428571428571429,,1.9284712482468442
153,4,DENPASAR,0,0,33,4,4272,0,0,4,4353,2020-12-20,-4,193,8,4062,0,98,denpasar,Kota Denpasar,Denpasar,127.78,532.44,788.589,879.098,0.816 (Very High),Ida Bagus Rai Dharmawijaya Mantra,4.0,16/27,4,495166.63671172044,11147.790121237906,7.428571428571429,0.00845021991697334,4.9516663671172045,4.428571428571429,,2.2513209280955664
154,5,GIANYAR,0,0,16,13,2158,0,0,13,2203,2020-12-20,0,221,13,1905,0,77,gianyar,Gianyar,Gianyar,368.00,393.155,469.777,494.729,0.742 (High),I Made Agus Mahayastra,7.0,6/64,13,445294.2924308056,15564.076494404007,9.142857142857142,0.01848053609725151,4.452942924308056,4.428571428571429,,3.4952337721289153
155,6,BANGLI,0,0,4,6,861,0,0,6,923,2020-12-20,3,24,3,862,0,37,bangli,Bangli,Bangli,490.71,193.776,215.353,222.474,0.657 (Medium),I Made Gianyar,4.0,4/68,6,414879.94102681667,16631.15689923317,9.428571428571429,0.04238055426059418,4.1487994102681665,4.428571428571429,,4.008667388949079
156,7,KLUNGKUNG,0,0,2,0,952,0,0,0,973,2020-12-20,0,19,0,932,0,22,klungkung,Klungkung,Semarapura,315.00,155.262,170.543,175.573,0.683 (Medium),I Nyoman Suwirta,4.0,6/53,0,554185.4385355379,12530.400460207436,9.428571428571429,0.05370171625803186,5.541854385355379,4.428571428571429,12120.98808464583,2.2610483042137717
157,8,KARANGASEM,0,0,0,0,1024,0,0,0,1044,2020-12-20,-2,9,2,984,0,51,karangasem,Karangasem,Amlapura,839.54,360.486,396.487,408.487,0.640 (Medium),I Gusti Ayu Mas Sumatri,8.0,3/75,0,255577.28887333008,12485.097444961528,9.285714285714286,0.022731970137885138,2.555772888733301,0.2857142857142857,13009.818225792831,4.885057471264368
158,9,BULELENG,0,0,10,5,1269,0,0,5,1320,2020-12-20,0,70,5,1186,0,64,buleleng,Buleleng,Singaraja,"1,364.73",558.181,624.125,645.893,0.691 (Medium),Putu Agus Suradnyana,9.0,19/129,5,204368.21578806397,9908.7619776031,7.714285714285714,0.011943597026575166,2.0436821578806397,0.0,12458.317312603966,4.848484848484849
159,10,KABUPATEN LAINNYA,0,0,31,0,13,0,0,0,49,2020-12-20,0,3,0,45,0,1,kabupaten lainnya,,,,,,,,,,,0,,,4.0,,,0.0,,2.0408163265306123
160,1,JEMBRANA,0,0,17,1,745,0,0,1,788,2020-12-21,-12,76,13,695,0,17,jembrana,Jembrana,Negara,841.80,231.806,261.638,271.423,0.686 (Medium),I Putu Artha,5.0,10/41,1,290321.74870957877,6263.2864569325375,3.5714285714285716,0.013158164825488523,2.903217487095788,0.0,,2.1573604060913705
161,2,TABANAN,0,0,9,30,1790,0,0,30,1820,2020-12-21,16,137,14,1623,0,60,tabanan,Tabanan,Tabanan,839.30,376.03,420.913,435.753,0.726 (High),Ni Putu Eka Wiryastuti,10.0,-/133,30,417667.8072210633,13769.268369925165,6.0,0.013769268369925165,4.176678072210633,0.0,,3.296703296703297
162,3,BADUNG,0,0,7,40,2858,0,0,40,2892,2020-12-21,12,255,28,2582,0,55,badung,Badung,Mangupura,418.52,345.863,543.332,615.148,0.779 (High),I Nyoman Giri Prasta,6.0,16/46,40,470130.7652792498,8940.937790580478,10.857142857142858,0.017649643430756267,4.701307652792498,0.0,,1.9017980636237897
163,4,DENPASAR,0,2,35,43,4315,0,0,45,4398,2020-12-21,3,196,42,4104,0,98,denpasar,Kota Denpasar,Denpasar,127.78,532.44,788.589,879.098,0.816 (Very High),Ida Bagus Rai Dharmawijaya Mantra,4.0,16/27,45,500285.51993065624,11147.790121237906,17.285714285714285,0.01966301172988027,5.002855199306563,0.0,,2.2282855843565255
164,5,GIANYAR,0,0,16,16,2174,0,0,16,2219,2020-12-21,10,231,5,1910,1,78,gianyar,Gianyar,Gianyar,368.00,393.155,469.777,494.729,0.742 (High),I Made Agus Mahayastra,7.0,6/64,16,448528.3862478246,15766.207357967696,19.571428571428573,0.03955989758317902,4.485283862478246,0.14285714285714285,,3.515096890491212
165,6,BANGLI,0,0,4,0,861,0,0,0,923,2020-12-21,0,24,0,862,0,37,bangli,Bangli,Bangli,490.71,193.776,215.353,222.474,0.657 (Medium),I Made Gianyar,4.0,4/68,0,414879.94102681667,16631.15689923317,18.857142857142858,0.08476110852118836,4.1487994102681665,0.14285714285714285,,4.008667388949079
166,7,KLUNGKUNG,0,0,2,0,952,0,0,0,973,2020-12-21,0,19,0,932,0,22,klungkung,Klungkung,Semarapura,315.00,155.262,170.543,175.573,0.683 (Medium),I Nyoman Suwirta,4.0,6/53,0,554185.4385355379,12530.400460207436,18.857142857142858,0.10740343251606373,5.541854385355379,0.14285714285714285,12149.863922297789,2.2610483042137717
167,8,KARANGASEM,0,0,0,3,1024,0,0,3,1047,2020-12-21,2,11,1,985,0,51,karangasem,Karangasem,Amlapura,839.54,360.486,396.487,408.487,0.640 (Medium),I Gusti Ayu Mas Sumatri,8.0,3/75,3,256311.70637009255,12485.097444961528,19.142857142857142,0.04686283074579397,2.5631170637009255,0.14285714285714285,13038.694063444787,4.871060171919771
168,9,BULELENG,0,0,10,0,1269,0,0,0,1320,2020-12-21,-12,58,12,1198,0,64,buleleng,Buleleng,Singaraja,"1,364.73",558.181,624.125,645.893,0.691 (Medium),Putu Agus Suradnyana,9.0,19/129,0,204368.21578806397,9908.7619776031,14.857142857142858,0.023002483162292912,2.0436821578806397,0.14285714285714285,12487.193150255922,4.848484848484849
169,10,KABUPATEN LAINNYA,0,0,31,0,13,0,0,0,49,2020-12-21,0,3,0,45,0,1,kabupaten lainnya,,,,,,,,,,,0,,,9.142857142857142,,,0.14285714285714285,,2.0408163265306123
170,1,JEMBRANA,0,0,17,1,746,0,0,1,789,2020-12-22,0,76,1,696,0,17,jembrana,Jembrana,Negara,841.80,231.806,261.638,271.423,0.686 (Medium),I Putu Artha,5.0,10/41,1,290690.1773246925,6263.2864569325375,2.857142857142857,0.010526531860390818,2.9069017732469247,0.14285714285714285,,2.1546261089987326
171,2,TABANAN,0,0,9,6,1796,0,0,6,1826,2020-12-22,-4,133,10,1633,0,60,tabanan,Tabanan,Tabanan,839.30,376.03,420.913,435.753,0.726 (High),Ni Putu Eka Wiryastuti,10.0,-/133,6,419044.73405805585,13769.268369925165,1.4285714285714286,0.003278397230934563,4.190447340580558,0.0,,3.285870755750274
172,3,BADUNG,0,2,9,28,2886,0,0,30,2922,2020-12-22,6,261,24,2606,0,55,badung,Badung,Mangupura,418.52,345.863,543.332,615.148,0.779 (High),I Nyoman Giri Prasta,6.0,16/46,30,475007.6404377483,8940.937790580478,5.714285714285714,0.00928928601618751,4.750076404377483,0.0,,1.8822724161533195
173,4,DENPASAR,0,7,42,38,4353,0,0,45,4443,2020-12-22,16,212,29,4133,0,98,denpasar,Kota Denpasar,Denpasar,127.78,532.44,788.589,879.098,0.816 (Very High),Ida Bagus Rai Dharmawijaya Mantra,4.0,16/27,45,505404.403149592,11147.790121237906,12.142857142857142,0.013812859479667958,5.05404403149592,0.0,,2.2057168579788433
174,5,GIANYAR,0,6,22,5,2179,0,0,11,2230,2020-12-22,-67,164,78,1988,0,78,gianyar,Gianyar,Gianyar,368.00,393.155,469.777,494.729,0.742 (High),I Made Agus Mahayastra,7.0,6/64,11,450751.82574702514,15766.207357967696,13.285714285714286,0.026854529016318605,4.5075182574702515,0.0,,3.497757847533632
175,6,BANGLI,0,0,4,6,867,0,0,6,929,2020-12-22,0,24,6,868,0,37,bangli,Bangli,Bangli,490.71,193.776,215.353,222.474,0.657 (Medium),I Made Gianyar,4.0,4/68,6,417576.8853888544,16631.15689923317,14.142857142857142,0.06357083139089126,4.1757688538885445,0.0,,3.982777179763186
176,7,KLUNGKUNG,0,0,2,1,953,0,0,1,974,2020-12-22,-5,14,6,938,0,22,klungkung,Klungkung,Semarapura,315.00,155.262,170.543,175.573,0.683 (Medium),I Nyoman Suwirta,4.0,6/53,1,554755.0021928201,12530.400460207436,14.285714285714286,0.08136623675459373,5.547550021928201,0.0,12149.86392229779,2.2587268993839835
177,8,KARANGASEM,0,0,0,2,1026,0,0,2,1049,2020-12-22,1,12,1,986,0,51,karangasem,Karangasem,Amlapura,839.54,360.486,396.487,408.487,0.640 (Medium),I Gusti Ayu Mas Sumatri,8.0,3/75,2,256801.31803460084,12485.097444961528,14.428571428571429,0.03532198436809844,2.5680131803460085,0.0,13038.694063444791,4.861773117254528
178,9,BULELENG,0,1,11,14,1283,0,0,15,1335,2020-12-22,3,61,11,1209,1,65,buleleng,Buleleng,Singaraja,"1,364.73",558.181,624.125,645.893,0.691 (Medium),Putu Agus Suradnyana,9.0,19/129,15,206690.5818765647,10063.586383503149,15.714285714285714,0.02432954949857904,2.066905818765647,0.14285714285714285,12509.31092252736,4.868913857677903
179,10,KABUPATEN LAINNYA,0,0,31,0,13,0,0,0,49,2020-12-22,0,3,0,45,0,1,kabupaten lainnya,,,,,,,,,,,0,,,11.428571428571429,,,0.14285714285714285,,2.0408163265306123
180,1,JEMBRANA,0,1,18,11,757,0,0,12,801,2020-12-23,12,88,0,696,0,17,jembrana,Jembrana,Negara,841.80,231.806,261.638,271.423,0.686 (Medium),I Putu Artha,5.0,10/41,12,295111.3207060566,6263.2864569325375,6.714285714285714,0.024737349871918425,2.951113207060566,0.14285714285714285,,2.1223470661672907
181,2,TABANAN,0,0,9,12,1808,0,0,12,1838,2020-12-23,8,141,4,1637,0,60,tabanan,Tabanan,Tabanan,839.30,376.03,420.913,435.753,0.726 (High),Ni Putu Eka Wiryastuti,10.0,-/133,12,421798.5877320409,13769.268369925165,6.857142857142857,0.0157363067084859,4.217985877320409,0.14285714285714285,,3.264417845484222
182,3,BADUNG,0,1,10,47,2933,0,0,48,2970,2020-12-23,17,278,30,2636,1,56,badung,Badung,Mangupura,418.52,345.863,543.332,615.148,0.779 (High),I Nyoman Giri Prasta,6.0,16/46,48,482810.64069134573,9103.50029586376,12.857142857142858,0.020900893536421897,4.828106406913458,0.2857142857142857,,1.8855218855218854
183,4,DENPASAR,0,3,45,23,4376,0,0,26,4469,2020-12-23,3,215,23,4156,0,98,denpasar,Kota Denpasar,Denpasar,127.78,532.44,788.589,879.098,0.816 (Very High),Ida Bagus Rai Dharmawijaya Mantra,4.0,16/27,26,508361.9801205327,11147.790121237906,16.428571428571427,0.018687986354844883,5.083619801205327,0.2857142857142857,,2.192884314164243
184,5,GIANYAR,0,1,23,12,2191,0,0,13,2243,2020-12-23,-14,150,27,2015,0,78,gianyar,Gianyar,Gianyar,368.00,393.155,469.777,494.729,0.742 (High),I Made Agus Mahayastra,7.0,6/64,13,453379.5269733531,15766.207357967696,18.0,0.03638355544146391,4.533795269733531,0.2857142857142857,,3.4774855104770395
185,6,BANGLI,0,0,4,5,872,0,0,5,934,2020-12-23,1,25,3,871,1,38,bangli,Bangli,Bangli,490.71,193.776,215.353,222.474,0.657 (Medium),I Made Gianyar,4.0,4/68,5,419824.33902388596,17080.64762623947,16.571428571428573,0.07448703476104432,4.19824339023886,0.2857142857142857,,4.068522483940043
186,7,KLUNGKUNG,0,0,2,1,954,0,0,1,975,2020-12-23,0,14,1,939,0,22,klungkung,Klungkung,Semarapura,315.00,155.262,170.543,175.573,0.683 (Medium),I Nyoman Suwirta,4.0,6/53,1,555324.5658501022,12530.400460207436,16.714285714285715,0.09519849700287467,5.553245658501022,0.2857142857142857,12237.300098339163,2.2564102564102564
187,8,KARANGASEM,0,0,0,1,1027,0,0,1,1050,2020-12-23,-1,11,2,988,0,51,karangasem,Karangasem,Amlapura,839.54,360.486,396.487,408.487,0.640 (Medium),I Gusti Ayu Mas Sumatri,8.0,3/75,1,257046.12386685496,12485.097444961528,15.142857142857142,0.03707059745562807,2.5704612386685497,0.2857142857142857,13126.130239486161,4.857142857142857
188,9,BULELENG,0,1,12,3,1286,0,0,4,1339,2020-12-23,1,62,3,1212,0,65,buleleng,Buleleng,Singaraja,"1,364.73",558.181,624.125,645.893,0.691 (Medium),Putu Agus Suradnyana,9.0,19/129,4,207309.87950016488,10063.586383503149,14.0,0.021675416826006783,2.073098795001649,0.2857142857142857,12596.74709856873,4.854368932038835
189,10,KABUPATEN LAINNYA,0,0,31,0,13,0,0,0,49,2020-12-23,-2,1,2,47,0,1,kabupaten lainnya,,,,,,,,,,,0,,,7.142857142857143,,,0.14285714285714285,,2.0408163265306123
